market,category,split,reason,origin_week
JP,accommodation_staycation,train,pandemic_gap,2019-10-06
JP,accommodation_staycation,train,pandemic_gap,2019-10-13
JP,accommodation_staycation,train,pandemic_gap,2019-10-20
JP,accommodation_staycation,train,pandemic_gap,2019-10-27
JP,accommodation_staycation,train,pandemic_gap,2019-11-03
JP,accommodation_staycation,train,pandemic_gap,2019-11-10
JP,accommodation_staycation,train,pandemic_gap,2019-11-17
JP,accommodation_staycation,train,pandemic_gap,2019-11-24
JP,accommodation_staycation,train,pandemic_gap,2019-12-01
JP,accommodation_staycation,train,pandemic_gap,2019-12-08
JP,accommodation_staycation,train,pandemic_gap,2019-12-15
JP,accommodation_staycation,train,pandemic_gap,2019-12-22
JP,accommodation_staycation,train,pandemic_gap,2023-01-01
JP,accommodation_staycation,train,pandemic_gap,2023-01-08
JP,accommodation_staycation,train,pandemic_gap,2023-01-15
JP,accommodation_staycation,train,pandemic_gap,2023-01-22
JP,accommodation_staycation,train,pandemic_gap,2023-01-29
JP,accommodation_staycation,train,pandemic_gap,2023-02-05
JP,accommodation_staycation,train,pandemic_gap,2023-02-12
JP,accommodation_staycation,train,pandemic_gap,2023-02-19
JP,accommodation_staycation,train,pandemic_gap,2023-02-26
JP,accommodation_staycation,train,pandemic_gap,2023-03-05
JP,accommodation_staycation,train,pandemic_gap,2023-03-12
JP,accommodation_staycation,train,pandemic_gap,2023-03-19
JP,accommodation_staycation,train,pandemic_gap,2023-03-26
JP,accommodation_staycation,train,pandemic_gap,2023-04-02
JP,accommodation_staycation,train,pandemic_gap,2023-04-09
JP,accommodation_staycation,train,pandemic_gap,2023-04-16
JP,accommodation_staycation,train,pandemic_gap,2023-04-23
JP,accommodation_staycation,train,pandemic_gap,2023-04-30
JP,accommodation_staycation,train,pandemic_gap,2023-05-07
JP,accommodation_staycation,train,pandemic_gap,2023-05-14
JP,accommodation_staycation,train,pandemic_gap,2023-05-21
JP,accommodation_staycation,train,pandemic_gap,2023-05-28
JP,accommodation_staycation,train,pandemic_gap,2023-06-04
JP,accommodation_staycation,train,pandemic_gap,2023-06-11
JP,accommodation_staycation,train,pandemic_gap,2023-06-18
JP,accommodation_staycation,train,pandemic_gap,2023-06-25
JP,accommodation_staycation,train,pandemic_gap,2023-07-02
JP,accommodation_staycation,train,pandemic_gap,2023-07-09
JP,accommodation_staycation,train,pandemic_gap,2023-07-16
JP,accommodation_staycation,train,pandemic_gap,2023-07-23
JP,accommodation_staycation,train,pandemic_gap,2023-07-30
JP,accommodation_staycation,train,pandemic_gap,2023-08-06
JP,accommodation_staycation,train,pandemic_gap,2023-08-13
JP,accommodation_staycation,train,pandemic_gap,2023-08-20
JP,accommodation_staycation,train,pandemic_gap,2023-08-27
JP,accommodation_staycation,train,pandemic_gap,2023-09-03
JP,accommodation_staycation,train,pandemic_gap,2023-09-10
JP,accommodation_staycation,train,pandemic_gap,2023-09-17
JP,accommodation_staycation,train,pandemic_gap,2023-09-24
JP,accommodation_staycation,train,pandemic_gap,2023-10-01
JP,accommodation_staycation,train,pandemic_gap,2023-10-08
JP,accommodation_staycation,train,pandemic_gap,2023-10-15
JP,accommodation_staycation,train,pandemic_gap,2023-10-22
JP,accommodation_staycation,train,pandemic_gap,2023-10-29
JP,accommodation_staycation,train,pandemic_gap,2023-11-05
JP,accommodation_staycation,train,pandemic_gap,2023-11-12
JP,accommodation_staycation,train,pandemic_gap,2023-11-19
JP,accommodation_staycation,train,pandemic_gap,2023-11-26
JP,accommodation_staycation,train,pandemic_gap,2023-12-03
JP,accommodation_staycation,train,pandemic_gap,2023-12-10
JP,accommodation_staycation,train,pandemic_gap,2023-12-17
JP,accommodation_staycation,train,target_crosses_split,2024-03-03
JP,accommodation_staycation,train,target_crosses_split,2024-03-10
JP,accommodation_staycation,train,target_crosses_split,2024-03-17
JP,accommodation_staycation,train,target_crosses_split,2024-03-24
JP,accommodation_staycation,train,target_crosses_split,2024-03-31
JP,accommodation_staycation,train,target_crosses_split,2024-04-07
JP,accommodation_staycation,train,target_crosses_split,2024-04-14
JP,accommodation_staycation,train,target_crosses_split,2024-04-21
JP,accommodation_staycation,train,target_crosses_split,2024-04-28
JP,accommodation_staycation,train,target_crosses_split,2024-05-05
JP,accommodation_staycation,train,target_crosses_split,2024-05-12
JP,accommodation_staycation,validation,target_crosses_split,2024-12-22
JP,accommodation_staycation,validation,target_crosses_split,2024-12-29
JP,accommodation_staycation,validation,target_crosses_split,2025-01-05
JP,accommodation_staycation,validation,target_crosses_split,2025-01-12
JP,accommodation_staycation,validation,target_crosses_split,2025-01-19
JP,accommodation_staycation,validation,target_crosses_split,2025-01-26
JP,accommodation_staycation,validation,target_crosses_split,2025-02-02
JP,accommodation_staycation,validation,target_crosses_split,2025-02-09
JP,accommodation_staycation,validation,target_crosses_split,2025-02-16
JP,accommodation_staycation,validation,target_crosses_split,2025-02-23
JP,accommodation_staycation,validation,target_crosses_split,2025-03-02
JP,adventure_nature,train,pandemic_gap,2019-10-06
JP,adventure_nature,train,pandemic_gap,2019-10-13
JP,adventure_nature,train,pandemic_gap,2019-10-20
JP,adventure_nature,train,pandemic_gap,2019-10-27
JP,adventure_nature,train,pandemic_gap,2019-11-03
JP,adventure_nature,train,pandemic_gap,2019-11-10
JP,adventure_nature,train,pandemic_gap,2019-11-17
JP,adventure_nature,train,pandemic_gap,2019-11-24
JP,adventure_nature,train,pandemic_gap,2019-12-01
JP,adventure_nature,train,pandemic_gap,2019-12-08
JP,adventure_nature,train,pandemic_gap,2019-12-15
JP,adventure_nature,train,pandemic_gap,2019-12-22
JP,adventure_nature,train,pandemic_gap,2023-01-01
JP,adventure_nature,train,pandemic_gap,2023-01-08
JP,adventure_nature,train,pandemic_gap,2023-01-15
JP,adventure_nature,train,pandemic_gap,2023-01-22
JP,adventure_nature,train,pandemic_gap,2023-01-29
JP,adventure_nature,train,pandemic_gap,2023-02-05
JP,adventure_nature,train,pandemic_gap,2023-02-12
JP,adventure_nature,train,pandemic_gap,2023-02-19
JP,adventure_nature,train,pandemic_gap,2023-02-26
JP,adventure_nature,train,pandemic_gap,2023-03-05
JP,adventure_nature,train,pandemic_gap,2023-03-12
JP,adventure_nature,train,pandemic_gap,2023-03-19
JP,adventure_nature,train,pandemic_gap,2023-03-26
JP,adventure_nature,train,pandemic_gap,2023-04-02
JP,adventure_nature,train,pandemic_gap,2023-04-09
JP,adventure_nature,train,pandemic_gap,2023-04-16
JP,adventure_nature,train,pandemic_gap,2023-04-23
JP,adventure_nature,train,pandemic_gap,2023-04-30
JP,adventure_nature,train,pandemic_gap,2023-05-07
JP,adventure_nature,train,pandemic_gap,2023-05-14
JP,adventure_nature,train,pandemic_gap,2023-05-21
JP,adventure_nature,train,pandemic_gap,2023-05-28
JP,adventure_nature,train,pandemic_gap,2023-06-04
JP,adventure_nature,train,pandemic_gap,2023-06-11
JP,adventure_nature,train,pandemic_gap,2023-06-18
JP,adventure_nature,train,pandemic_gap,2023-06-25
JP,adventure_nature,train,pandemic_gap,2023-07-02
JP,adventure_nature,train,pandemic_gap,2023-07-09
JP,adventure_nature,train,pandemic_gap,2023-07-16
JP,adventure_nature,train,pandemic_gap,2023-07-23
JP,adventure_nature,train,pandemic_gap,2023-07-30
JP,adventure_nature,train,pandemic_gap,2023-08-06
JP,adventure_nature,train,pandemic_gap,2023-08-13
JP,adventure_nature,train,pandemic_gap,2023-08-20
JP,adventure_nature,train,pandemic_gap,2023-08-27
JP,adventure_nature,train,pandemic_gap,2023-09-03
JP,adventure_nature,train,pandemic_gap,2023-09-10
JP,adventure_nature,train,pandemic_gap,2023-09-17
JP,adventure_nature,train,pandemic_gap,2023-09-24
JP,adventure_nature,train,pandemic_gap,2023-10-01
JP,adventure_nature,train,pandemic_gap,2023-10-08
JP,adventure_nature,train,pandemic_gap,2023-10-15
JP,adventure_nature,train,pandemic_gap,2023-10-22
JP,adventure_nature,train,pandemic_gap,2023-10-29
JP,adventure_nature,train,pandemic_gap,2023-11-05
JP,adventure_nature,train,pandemic_gap,2023-11-12
JP,adventure_nature,train,pandemic_gap,2023-11-19
JP,adventure_nature,train,pandemic_gap,2023-11-26
JP,adventure_nature,train,pandemic_gap,2023-12-03
JP,adventure_nature,train,pandemic_gap,2023-12-10
JP,adventure_nature,train,pandemic_gap,2023-12-17
JP,adventure_nature,train,target_crosses_split,2024-03-03
JP,adventure_nature,train,target_crosses_split,2024-03-10
JP,adventure_nature,train,target_crosses_split,2024-03-17
JP,adventure_nature,train,target_crosses_split,2024-03-24
JP,adventure_nature,train,target_crosses_split,2024-03-31
JP,adventure_nature,train,target_crosses_split,2024-04-07
JP,adventure_nature,train,target_crosses_split,2024-04-14
JP,adventure_nature,train,target_crosses_split,2024-04-21
JP,adventure_nature,train,target_crosses_split,2024-04-28
JP,adventure_nature,train,target_crosses_split,2024-05-05
JP,adventure_nature,train,target_crosses_split,2024-05-12
JP,adventure_nature,validation,target_crosses_split,2024-12-22
JP,adventure_nature,validation,target_crosses_split,2024-12-29
JP,adventure_nature,validation,target_crosses_split,2025-01-05
JP,adventure_nature,validation,target_crosses_split,2025-01-12
JP,adventure_nature,validation,target_crosses_split,2025-01-19
JP,adventure_nature,validation,target_crosses_split,2025-01-26
JP,adventure_nature,validation,target_crosses_split,2025-02-02
JP,adventure_nature,validation,target_crosses_split,2025-02-09
JP,adventure_nature,validation,target_crosses_split,2025-02-16
JP,adventure_nature,validation,target_crosses_split,2025-02-23
JP,adventure_nature,validation,target_crosses_split,2025-03-02
JP,coastal_island,train,pandemic_gap,2019-10-06
JP,coastal_island,train,pandemic_gap,2019-10-13
JP,coastal_island,train,pandemic_gap,2019-10-20
JP,coastal_island,train,pandemic_gap,2019-10-27
JP,coastal_island,train,pandemic_gap,2019-11-03
JP,coastal_island,train,pandemic_gap,2019-11-10
JP,coastal_island,train,pandemic_gap,2019-11-17
JP,coastal_island,train,pandemic_gap,2019-11-24
JP,coastal_island,train,pandemic_gap,2019-12-01
JP,coastal_island,train,pandemic_gap,2019-12-08
JP,coastal_island,train,pandemic_gap,2019-12-15
JP,coastal_island,train,pandemic_gap,2019-12-22
JP,coastal_island,train,pandemic_gap,2023-01-01
JP,coastal_island,train,pandemic_gap,2023-01-08
JP,coastal_island,train,pandemic_gap,2023-01-15
JP,coastal_island,train,pandemic_gap,2023-01-22
JP,coastal_island,train,pandemic_gap,2023-01-29
JP,coastal_island,train,pandemic_gap,2023-02-05
JP,coastal_island,train,pandemic_gap,2023-02-12
JP,coastal_island,train,pandemic_gap,2023-02-19
JP,coastal_island,train,pandemic_gap,2023-02-26
JP,coastal_island,train,pandemic_gap,2023-03-05
JP,coastal_island,train,pandemic_gap,2023-03-12
JP,coastal_island,train,pandemic_gap,2023-03-19
JP,coastal_island,train,pandemic_gap,2023-03-26
JP,coastal_island,train,pandemic_gap,2023-04-02
JP,coastal_island,train,pandemic_gap,2023-04-09
JP,coastal_island,train,pandemic_gap,2023-04-16
JP,coastal_island,train,pandemic_gap,2023-04-23
JP,coastal_island,train,pandemic_gap,2023-04-30
JP,coastal_island,train,pandemic_gap,2023-05-07
JP,coastal_island,train,pandemic_gap,2023-05-14
JP,coastal_island,train,pandemic_gap,2023-05-21
JP,coastal_island,train,pandemic_gap,2023-05-28
JP,coastal_island,train,pandemic_gap,2023-06-04
JP,coastal_island,train,pandemic_gap,2023-06-11
JP,coastal_island,train,pandemic_gap,2023-06-18
JP,coastal_island,train,pandemic_gap,2023-06-25
JP,coastal_island,train,pandemic_gap,2023-07-02
JP,coastal_island,train,pandemic_gap,2023-07-09
JP,coastal_island,train,pandemic_gap,2023-07-16
JP,coastal_island,train,pandemic_gap,2023-07-23
JP,coastal_island,train,pandemic_gap,2023-07-30
JP,coastal_island,train,pandemic_gap,2023-08-06
JP,coastal_island,train,pandemic_gap,2023-08-13
JP,coastal_island,train,pandemic_gap,2023-08-20
JP,coastal_island,train,pandemic_gap,2023-08-27
JP,coastal_island,train,pandemic_gap,2023-09-03
JP,coastal_island,train,pandemic_gap,2023-09-10
JP,coastal_island,train,pandemic_gap,2023-09-17
JP,coastal_island,train,pandemic_gap,2023-09-24
JP,coastal_island,train,pandemic_gap,2023-10-01
JP,coastal_island,train,pandemic_gap,2023-10-08
JP,coastal_island,train,pandemic_gap,2023-10-15
JP,coastal_island,train,pandemic_gap,2023-10-22
JP,coastal_island,train,pandemic_gap,2023-10-29
JP,coastal_island,train,pandemic_gap,2023-11-05
JP,coastal_island,train,pandemic_gap,2023-11-12
JP,coastal_island,train,pandemic_gap,2023-11-19
JP,coastal_island,train,pandemic_gap,2023-11-26
JP,coastal_island,train,pandemic_gap,2023-12-03
JP,coastal_island,train,pandemic_gap,2023-12-10
JP,coastal_island,train,pandemic_gap,2023-12-17
JP,coastal_island,train,target_crosses_split,2024-03-03
JP,coastal_island,train,target_crosses_split,2024-03-10
JP,coastal_island,train,target_crosses_split,2024-03-17
JP,coastal_island,train,target_crosses_split,2024-03-24
JP,coastal_island,train,target_crosses_split,2024-03-31
JP,coastal_island,train,target_crosses_split,2024-04-07
JP,coastal_island,train,target_crosses_split,2024-04-14
JP,coastal_island,train,target_crosses_split,2024-04-21
JP,coastal_island,train,target_crosses_split,2024-04-28
JP,coastal_island,train,target_crosses_split,2024-05-05
JP,coastal_island,train,target_crosses_split,2024-05-12
JP,coastal_island,validation,target_crosses_split,2024-12-22
JP,coastal_island,validation,target_crosses_split,2024-12-29
JP,coastal_island,validation,target_crosses_split,2025-01-05
JP,coastal_island,validation,target_crosses_split,2025-01-12
JP,coastal_island,validation,target_crosses_split,2025-01-19
JP,coastal_island,validation,target_crosses_split,2025-01-26
JP,coastal_island,validation,target_crosses_split,2025-02-02
JP,coastal_island,validation,target_crosses_split,2025-02-09
JP,coastal_island,validation,target_crosses_split,2025-02-16
JP,coastal_island,validation,target_crosses_split,2025-02-23
JP,coastal_island,validation,target_crosses_split,2025-03-02
JP,culinary_gastronomy,train,pandemic_gap,2019-10-06
JP,culinary_gastronomy,train,pandemic_gap,2019-10-13
JP,culinary_gastronomy,train,pandemic_gap,2019-10-20
JP,culinary_gastronomy,train,pandemic_gap,2019-10-27
JP,culinary_gastronomy,train,pandemic_gap,2019-11-03
JP,culinary_gastronomy,train,pandemic_gap,2019-11-10
JP,culinary_gastronomy,train,pandemic_gap,2019-11-17
JP,culinary_gastronomy,train,pandemic_gap,2019-11-24
JP,culinary_gastronomy,train,pandemic_gap,2019-12-01
JP,culinary_gastronomy,train,pandemic_gap,2019-12-08
JP,culinary_gastronomy,train,pandemic_gap,2019-12-15
JP,culinary_gastronomy,train,pandemic_gap,2019-12-22
JP,culinary_gastronomy,train,pandemic_gap,2023-01-01
JP,culinary_gastronomy,train,pandemic_gap,2023-01-08
JP,culinary_gastronomy,train,pandemic_gap,2023-01-15
JP,culinary_gastronomy,train,pandemic_gap,2023-01-22
JP,culinary_gastronomy,train,pandemic_gap,2023-01-29
JP,culinary_gastronomy,train,pandemic_gap,2023-02-05
JP,culinary_gastronomy,train,pandemic_gap,2023-02-12
JP,culinary_gastronomy,train,pandemic_gap,2023-02-19
JP,culinary_gastronomy,train,pandemic_gap,2023-02-26
JP,culinary_gastronomy,train,pandemic_gap,2023-03-05
JP,culinary_gastronomy,train,pandemic_gap,2023-03-12
JP,culinary_gastronomy,train,pandemic_gap,2023-03-19
JP,culinary_gastronomy,train,pandemic_gap,2023-03-26
JP,culinary_gastronomy,train,pandemic_gap,2023-04-02
JP,culinary_gastronomy,train,pandemic_gap,2023-04-09
JP,culinary_gastronomy,train,pandemic_gap,2023-04-16
JP,culinary_gastronomy,train,pandemic_gap,2023-04-23
JP,culinary_gastronomy,train,pandemic_gap,2023-04-30
JP,culinary_gastronomy,train,pandemic_gap,2023-05-07
JP,culinary_gastronomy,train,pandemic_gap,2023-05-14
JP,culinary_gastronomy,train,pandemic_gap,2023-05-21
JP,culinary_gastronomy,train,pandemic_gap,2023-05-28
JP,culinary_gastronomy,train,pandemic_gap,2023-06-04
JP,culinary_gastronomy,train,pandemic_gap,2023-06-11
JP,culinary_gastronomy,train,pandemic_gap,2023-06-18
JP,culinary_gastronomy,train,pandemic_gap,2023-06-25
JP,culinary_gastronomy,train,pandemic_gap,2023-07-02
JP,culinary_gastronomy,train,pandemic_gap,2023-07-09
JP,culinary_gastronomy,train,pandemic_gap,2023-07-16
JP,culinary_gastronomy,train,pandemic_gap,2023-07-23
JP,culinary_gastronomy,train,pandemic_gap,2023-07-30
JP,culinary_gastronomy,train,pandemic_gap,2023-08-06
JP,culinary_gastronomy,train,pandemic_gap,2023-08-13
JP,culinary_gastronomy,train,pandemic_gap,2023-08-20
JP,culinary_gastronomy,train,pandemic_gap,2023-08-27
JP,culinary_gastronomy,train,pandemic_gap,2023-09-03
JP,culinary_gastronomy,train,pandemic_gap,2023-09-10
JP,culinary_gastronomy,train,pandemic_gap,2023-09-17
JP,culinary_gastronomy,train,pandemic_gap,2023-09-24
JP,culinary_gastronomy,train,pandemic_gap,2023-10-01
JP,culinary_gastronomy,train,pandemic_gap,2023-10-08
JP,culinary_gastronomy,train,pandemic_gap,2023-10-15
JP,culinary_gastronomy,train,pandemic_gap,2023-10-22
JP,culinary_gastronomy,train,pandemic_gap,2023-10-29
JP,culinary_gastronomy,train,pandemic_gap,2023-11-05
JP,culinary_gastronomy,train,pandemic_gap,2023-11-12
JP,culinary_gastronomy,train,pandemic_gap,2023-11-19
JP,culinary_gastronomy,train,pandemic_gap,2023-11-26
JP,culinary_gastronomy,train,pandemic_gap,2023-12-03
JP,culinary_gastronomy,train,pandemic_gap,2023-12-10
JP,culinary_gastronomy,train,pandemic_gap,2023-12-17
JP,culinary_gastronomy,train,target_crosses_split,2024-03-03
JP,culinary_gastronomy,train,target_crosses_split,2024-03-10
JP,culinary_gastronomy,train,target_crosses_split,2024-03-17
JP,culinary_gastronomy,train,target_crosses_split,2024-03-24
JP,culinary_gastronomy,train,target_crosses_split,2024-03-31
JP,culinary_gastronomy,train,target_crosses_split,2024-04-07
JP,culinary_gastronomy,train,target_crosses_split,2024-04-14
JP,culinary_gastronomy,train,target_crosses_split,2024-04-21
JP,culinary_gastronomy,train,target_crosses_split,2024-04-28
JP,culinary_gastronomy,train,target_crosses_split,2024-05-05
JP,culinary_gastronomy,train,target_crosses_split,2024-05-12
JP,culinary_gastronomy,validation,target_crosses_split,2024-12-22
JP,culinary_gastronomy,validation,target_crosses_split,2024-12-29
JP,culinary_gastronomy,validation,target_crosses_split,2025-01-05
JP,culinary_gastronomy,validation,target_crosses_split,2025-01-12
JP,culinary_gastronomy,validation,target_crosses_split,2025-01-19
JP,culinary_gastronomy,validation,target_crosses_split,2025-01-26
JP,culinary_gastronomy,validation,target_crosses_split,2025-02-02
JP,culinary_gastronomy,validation,target_crosses_split,2025-02-09
JP,culinary_gastronomy,validation,target_crosses_split,2025-02-16
JP,culinary_gastronomy,validation,target_crosses_split,2025-02-23
JP,culinary_gastronomy,validation,target_crosses_split,2025-03-02
JP,cultural_heritage,train,pandemic_gap,2019-10-06
JP,cultural_heritage,train,pandemic_gap,2019-10-13
JP,cultural_heritage,train,pandemic_gap,2019-10-20
JP,cultural_heritage,train,pandemic_gap,2019-10-27
JP,cultural_heritage,train,pandemic_gap,2019-11-03
JP,cultural_heritage,train,pandemic_gap,2019-11-10
JP,cultural_heritage,train,pandemic_gap,2019-11-17
JP,cultural_heritage,train,pandemic_gap,2019-11-24
JP,cultural_heritage,train,pandemic_gap,2019-12-01
JP,cultural_heritage,train,pandemic_gap,2019-12-08
JP,cultural_heritage,train,pandemic_gap,2019-12-15
JP,cultural_heritage,train,pandemic_gap,2019-12-22
JP,cultural_heritage,train,pandemic_gap,2023-01-01
JP,cultural_heritage,train,pandemic_gap,2023-01-08
JP,cultural_heritage,train,pandemic_gap,2023-01-15
JP,cultural_heritage,train,pandemic_gap,2023-01-22
JP,cultural_heritage,train,pandemic_gap,2023-01-29
JP,cultural_heritage,train,pandemic_gap,2023-02-05
JP,cultural_heritage,train,pandemic_gap,2023-02-12
JP,cultural_heritage,train,pandemic_gap,2023-02-19
JP,cultural_heritage,train,pandemic_gap,2023-02-26
JP,cultural_heritage,train,pandemic_gap,2023-03-05
JP,cultural_heritage,train,pandemic_gap,2023-03-12
JP,cultural_heritage,train,pandemic_gap,2023-03-19
JP,cultural_heritage,train,pandemic_gap,2023-03-26
JP,cultural_heritage,train,pandemic_gap,2023-04-02
JP,cultural_heritage,train,pandemic_gap,2023-04-09
JP,cultural_heritage,train,pandemic_gap,2023-04-16
JP,cultural_heritage,train,pandemic_gap,2023-04-23
JP,cultural_heritage,train,pandemic_gap,2023-04-30
JP,cultural_heritage,train,pandemic_gap,2023-05-07
JP,cultural_heritage,train,pandemic_gap,2023-05-14
JP,cultural_heritage,train,pandemic_gap,2023-05-21
JP,cultural_heritage,train,pandemic_gap,2023-05-28
JP,cultural_heritage,train,pandemic_gap,2023-06-04
JP,cultural_heritage,train,pandemic_gap,2023-06-11
JP,cultural_heritage,train,pandemic_gap,2023-06-18
JP,cultural_heritage,train,pandemic_gap,2023-06-25
JP,cultural_heritage,train,pandemic_gap,2023-07-02
JP,cultural_heritage,train,pandemic_gap,2023-07-09
JP,cultural_heritage,train,pandemic_gap,2023-07-16
JP,cultural_heritage,train,pandemic_gap,2023-07-23
JP,cultural_heritage,train,pandemic_gap,2023-07-30
JP,cultural_heritage,train,pandemic_gap,2023-08-06
JP,cultural_heritage,train,pandemic_gap,2023-08-13
JP,cultural_heritage,train,pandemic_gap,2023-08-20
JP,cultural_heritage,train,pandemic_gap,2023-08-27
JP,cultural_heritage,train,pandemic_gap,2023-09-03
JP,cultural_heritage,train,pandemic_gap,2023-09-10
JP,cultural_heritage,train,pandemic_gap,2023-09-17
JP,cultural_heritage,train,pandemic_gap,2023-09-24
JP,cultural_heritage,train,pandemic_gap,2023-10-01
JP,cultural_heritage,train,pandemic_gap,2023-10-08
JP,cultural_heritage,train,pandemic_gap,2023-10-15
JP,cultural_heritage,train,pandemic_gap,2023-10-22
JP,cultural_heritage,train,pandemic_gap,2023-10-29
JP,cultural_heritage,train,pandemic_gap,2023-11-05
JP,cultural_heritage,train,pandemic_gap,2023-11-12
JP,cultural_heritage,train,pandemic_gap,2023-11-19
JP,cultural_heritage,train,pandemic_gap,2023-11-26
JP,cultural_heritage,train,pandemic_gap,2023-12-03
JP,cultural_heritage,train,pandemic_gap,2023-12-10
JP,cultural_heritage,train,pandemic_gap,2023-12-17
JP,cultural_heritage,train,target_crosses_split,2024-03-03
JP,cultural_heritage,train,target_crosses_split,2024-03-10
JP,cultural_heritage,train,target_crosses_split,2024-03-17
JP,cultural_heritage,train,target_crosses_split,2024-03-24
JP,cultural_heritage,train,target_crosses_split,2024-03-31
JP,cultural_heritage,train,target_crosses_split,2024-04-07
JP,cultural_heritage,train,target_crosses_split,2024-04-14
JP,cultural_heritage,train,target_crosses_split,2024-04-21
JP,cultural_heritage,train,target_crosses_split,2024-04-28
JP,cultural_heritage,train,target_crosses_split,2024-05-05
JP,cultural_heritage,train,target_crosses_split,2024-05-12
JP,cultural_heritage,validation,target_crosses_split,2024-12-22
JP,cultural_heritage,validation,target_crosses_split,2024-12-29
JP,cultural_heritage,validation,target_crosses_split,2025-01-05
JP,cultural_heritage,validation,target_crosses_split,2025-01-12
JP,cultural_heritage,validation,target_crosses_split,2025-01-19
JP,cultural_heritage,validation,target_crosses_split,2025-01-26
JP,cultural_heritage,validation,target_crosses_split,2025-02-02
JP,cultural_heritage,validation,target_crosses_split,2025-02-09
JP,cultural_heritage,validation,target_crosses_split,2025-02-16
JP,cultural_heritage,validation,target_crosses_split,2025-02-23
JP,cultural_heritage,validation,target_crosses_split,2025-03-02
JP,theme_parks_entertainment,train,pandemic_gap,2019-10-06
JP,theme_parks_entertainment,train,pandemic_gap,2019-10-13
JP,theme_parks_entertainment,train,pandemic_gap,2019-10-20
JP,theme_parks_entertainment,train,pandemic_gap,2019-10-27
JP,theme_parks_entertainment,train,pandemic_gap,2019-11-03
JP,theme_parks_entertainment,train,pandemic_gap,2019-11-10
JP,theme_parks_entertainment,train,pandemic_gap,2019-11-17
JP,theme_parks_entertainment,train,pandemic_gap,2019-11-24
JP,theme_parks_entertainment,train,pandemic_gap,2019-12-01
JP,theme_parks_entertainment,train,pandemic_gap,2019-12-08
JP,theme_parks_entertainment,train,pandemic_gap,2019-12-15
JP,theme_parks_entertainment,train,pandemic_gap,2019-12-22
JP,theme_parks_entertainment,train,pandemic_gap,2023-01-01
JP,theme_parks_entertainment,train,pandemic_gap,2023-01-08
JP,theme_parks_entertainment,train,pandemic_gap,2023-01-15
JP,theme_parks_entertainment,train,pandemic_gap,2023-01-22
JP,theme_parks_entertainment,train,pandemic_gap,2023-01-29
JP,theme_parks_entertainment,train,pandemic_gap,2023-02-05
JP,theme_parks_entertainment,train,pandemic_gap,2023-02-12
JP,theme_parks_entertainment,train,pandemic_gap,2023-02-19
JP,theme_parks_entertainment,train,pandemic_gap,2023-02-26
JP,theme_parks_entertainment,train,pandemic_gap,2023-03-05
JP,theme_parks_entertainment,train,pandemic_gap,2023-03-12
JP,theme_parks_entertainment,train,pandemic_gap,2023-03-19
JP,theme_parks_entertainment,train,pandemic_gap,2023-03-26
JP,theme_parks_entertainment,train,pandemic_gap,2023-04-02
JP,theme_parks_entertainment,train,pandemic_gap,2023-04-09
JP,theme_parks_entertainment,train,pandemic_gap,2023-04-16
JP,theme_parks_entertainment,train,pandemic_gap,2023-04-23
JP,theme_parks_entertainment,train,pandemic_gap,2023-04-30
JP,theme_parks_entertainment,train,pandemic_gap,2023-05-07
JP,theme_parks_entertainment,train,pandemic_gap,2023-05-14
JP,theme_parks_entertainment,train,pandemic_gap,2023-05-21
JP,theme_parks_entertainment,train,pandemic_gap,2023-05-28
JP,theme_parks_entertainment,train,pandemic_gap,2023-06-04
JP,theme_parks_entertainment,train,pandemic_gap,2023-06-11
JP,theme_parks_entertainment,train,pandemic_gap,2023-06-18
JP,theme_parks_entertainment,train,pandemic_gap,2023-06-25
JP,theme_parks_entertainment,train,pandemic_gap,2023-07-02
JP,theme_parks_entertainment,train,pandemic_gap,2023-07-09
JP,theme_parks_entertainment,train,pandemic_gap,2023-07-16
JP,theme_parks_entertainment,train,pandemic_gap,2023-07-23
JP,theme_parks_entertainment,train,pandemic_gap,2023-07-30
JP,theme_parks_entertainment,train,pandemic_gap,2023-08-06
JP,theme_parks_entertainment,train,pandemic_gap,2023-08-13
JP,theme_parks_entertainment,train,pandemic_gap,2023-08-20
JP,theme_parks_entertainment,train,pandemic_gap,2023-08-27
JP,theme_parks_entertainment,train,pandemic_gap,2023-09-03
JP,theme_parks_entertainment,train,pandemic_gap,2023-09-10
JP,theme_parks_entertainment,train,pandemic_gap,2023-09-17
JP,theme_parks_entertainment,train,pandemic_gap,2023-09-24
JP,theme_parks_entertainment,train,pandemic_gap,2023-10-01
JP,theme_parks_entertainment,train,pandemic_gap,2023-10-08
JP,theme_parks_entertainment,train,pandemic_gap,2023-10-15
JP,theme_parks_entertainment,train,pandemic_gap,2023-10-22
JP,theme_parks_entertainment,train,pandemic_gap,2023-10-29
JP,theme_parks_entertainment,train,pandemic_gap,2023-11-05
JP,theme_parks_entertainment,train,pandemic_gap,2023-11-12
JP,theme_parks_entertainment,train,pandemic_gap,2023-11-19
JP,theme_parks_entertainment,train,pandemic_gap,2023-11-26
JP,theme_parks_entertainment,train,pandemic_gap,2023-12-03
JP,theme_parks_entertainment,train,pandemic_gap,2023-12-10
JP,theme_parks_entertainment,train,pandemic_gap,2023-12-17
JP,theme_parks_entertainment,train,target_crosses_split,2024-03-03
JP,theme_parks_entertainment,train,target_crosses_split,2024-03-10
JP,theme_parks_entertainment,train,target_crosses_split,2024-03-17
JP,theme_parks_entertainment,train,target_crosses_split,2024-03-24
JP,theme_parks_entertainment,train,target_crosses_split,2024-03-31
JP,theme_parks_entertainment,train,target_crosses_split,2024-04-07
JP,theme_parks_entertainment,train,target_crosses_split,2024-04-14
JP,theme_parks_entertainment,train,target_crosses_split,2024-04-21
JP,theme_parks_entertainment,train,target_crosses_split,2024-04-28
JP,theme_parks_entertainment,train,target_crosses_split,2024-05-05
JP,theme_parks_entertainment,train,target_crosses_split,2024-05-12
JP,theme_parks_entertainment,validation,target_crosses_split,2024-12-22
JP,theme_parks_entertainment,validation,target_crosses_split,2024-12-29
JP,theme_parks_entertainment,validation,target_crosses_split,2025-01-05
JP,theme_parks_entertainment,validation,target_crosses_split,2025-01-12
JP,theme_parks_entertainment,validation,target_crosses_split,2025-01-19
JP,theme_parks_entertainment,validation,target_crosses_split,2025-01-26
JP,theme_parks_entertainment,validation,target_crosses_split,2025-02-02
JP,theme_parks_entertainment,validation,target_crosses_split,2025-02-09
JP,theme_parks_entertainment,validation,target_crosses_split,2025-02-16
JP,theme_parks_entertainment,validation,target_crosses_split,2025-02-23
JP,theme_parks_entertainment,validation,target_crosses_split,2025-03-02
JP,urban_city,train,pandemic_gap,2019-10-06
JP,urban_city,train,pandemic_gap,2019-10-13
JP,urban_city,train,pandemic_gap,2019-10-20
JP,urban_city,train,pandemic_gap,2019-10-27
JP,urban_city,train,pandemic_gap,2019-11-03
JP,urban_city,train,pandemic_gap,2019-11-10
JP,urban_city,train,pandemic_gap,2019-11-17
JP,urban_city,train,pandemic_gap,2019-11-24
JP,urban_city,train,pandemic_gap,2019-12-01
JP,urban_city,train,pandemic_gap,2019-12-08
JP,urban_city,train,pandemic_gap,2019-12-15
JP,urban_city,train,pandemic_gap,2019-12-22
JP,urban_city,train,pandemic_gap,2023-01-01
JP,urban_city,train,pandemic_gap,2023-01-08
JP,urban_city,train,pandemic_gap,2023-01-15
JP,urban_city,train,pandemic_gap,2023-01-22
JP,urban_city,train,pandemic_gap,2023-01-29
JP,urban_city,train,pandemic_gap,2023-02-05
JP,urban_city,train,pandemic_gap,2023-02-12
JP,urban_city,train,pandemic_gap,2023-02-19
JP,urban_city,train,pandemic_gap,2023-02-26
JP,urban_city,train,pandemic_gap,2023-03-05
JP,urban_city,train,pandemic_gap,2023-03-12
JP,urban_city,train,pandemic_gap,2023-03-19
JP,urban_city,train,pandemic_gap,2023-03-26
JP,urban_city,train,pandemic_gap,2023-04-02
JP,urban_city,train,pandemic_gap,2023-04-09
JP,urban_city,train,pandemic_gap,2023-04-16
JP,urban_city,train,pandemic_gap,2023-04-23
JP,urban_city,train,pandemic_gap,2023-04-30
JP,urban_city,train,pandemic_gap,2023-05-07
JP,urban_city,train,pandemic_gap,2023-05-14
JP,urban_city,train,pandemic_gap,2023-05-21
JP,urban_city,train,pandemic_gap,2023-05-28
JP,urban_city,train,pandemic_gap,2023-06-04
JP,urban_city,train,pandemic_gap,2023-06-11
JP,urban_city,train,pandemic_gap,2023-06-18
JP,urban_city,train,pandemic_gap,2023-06-25
JP,urban_city,train,pandemic_gap,2023-07-02
JP,urban_city,train,pandemic_gap,2023-07-09
JP,urban_city,train,pandemic_gap,2023-07-16
JP,urban_city,train,pandemic_gap,2023-07-23
JP,urban_city,train,pandemic_gap,2023-07-30
JP,urban_city,train,pandemic_gap,2023-08-06
JP,urban_city,train,pandemic_gap,2023-08-13
JP,urban_city,train,pandemic_gap,2023-08-20
JP,urban_city,train,pandemic_gap,2023-08-27
JP,urban_city,train,pandemic_gap,2023-09-03
JP,urban_city,train,pandemic_gap,2023-09-10
JP,urban_city,train,pandemic_gap,2023-09-17
JP,urban_city,train,pandemic_gap,2023-09-24
JP,urban_city,train,pandemic_gap,2023-10-01
JP,urban_city,train,pandemic_gap,2023-10-08
JP,urban_city,train,pandemic_gap,2023-10-15
JP,urban_city,train,pandemic_gap,2023-10-22
JP,urban_city,train,pandemic_gap,2023-10-29
JP,urban_city,train,pandemic_gap,2023-11-05
JP,urban_city,train,pandemic_gap,2023-11-12
JP,urban_city,train,pandemic_gap,2023-11-19
JP,urban_city,train,pandemic_gap,2023-11-26
JP,urban_city,train,pandemic_gap,2023-12-03
JP,urban_city,train,pandemic_gap,2023-12-10
JP,urban_city,train,pandemic_gap,2023-12-17
JP,urban_city,train,target_crosses_split,2024-03-03
JP,urban_city,train,target_crosses_split,2024-03-10
JP,urban_city,train,target_crosses_split,2024-03-17
JP,urban_city,train,target_crosses_split,2024-03-24
JP,urban_city,train,target_crosses_split,2024-03-31
JP,urban_city,train,target_crosses_split,2024-04-07
JP,urban_city,train,target_crosses_split,2024-04-14
JP,urban_city,train,target_crosses_split,2024-04-21
JP,urban_city,train,target_crosses_split,2024-04-28
JP,urban_city,train,target_crosses_split,2024-05-05
JP,urban_city,train,target_crosses_split,2024-05-12
JP,urban_city,validation,target_crosses_split,2024-12-22
JP,urban_city,validation,target_crosses_split,2024-12-29
JP,urban_city,validation,target_crosses_split,2025-01-05
JP,urban_city,validation,target_crosses_split,2025-01-12
JP,urban_city,validation,target_crosses_split,2025-01-19
JP,urban_city,validation,target_crosses_split,2025-01-26
JP,urban_city,validation,target_crosses_split,2025-02-02
JP,urban_city,validation,target_crosses_split,2025-02-09
JP,urban_city,validation,target_crosses_split,2025-02-16
JP,urban_city,validation,target_crosses_split,2025-02-23
JP,urban_city,validation,target_crosses_split,2025-03-02
KR,accommodation_staycation,train,pandemic_gap,2019-10-06
KR,accommodation_staycation,train,pandemic_gap,2019-10-13
KR,accommodation_staycation,train,pandemic_gap,2019-10-20
KR,accommodation_staycation,train,pandemic_gap,2019-10-27
KR,accommodation_staycation,train,pandemic_gap,2019-11-03
KR,accommodation_staycation,train,pandemic_gap,2019-11-10
KR,accommodation_staycation,train,pandemic_gap,2019-11-17
KR,accommodation_staycation,train,pandemic_gap,2019-11-24
KR,accommodation_staycation,train,pandemic_gap,2019-12-01
KR,accommodation_staycation,train,pandemic_gap,2019-12-08
KR,accommodation_staycation,train,pandemic_gap,2019-12-15
KR,accommodation_staycation,train,pandemic_gap,2019-12-22
KR,accommodation_staycation,train,pandemic_gap,2023-01-01
KR,accommodation_staycation,train,pandemic_gap,2023-01-08
KR,accommodation_staycation,train,pandemic_gap,2023-01-15
KR,accommodation_staycation,train,pandemic_gap,2023-01-22
KR,accommodation_staycation,train,pandemic_gap,2023-01-29
KR,accommodation_staycation,train,pandemic_gap,2023-02-05
KR,accommodation_staycation,train,pandemic_gap,2023-02-12
KR,accommodation_staycation,train,pandemic_gap,2023-02-19
KR,accommodation_staycation,train,pandemic_gap,2023-02-26
KR,accommodation_staycation,train,pandemic_gap,2023-03-05
KR,accommodation_staycation,train,pandemic_gap,2023-03-12
KR,accommodation_staycation,train,pandemic_gap,2023-03-19
KR,accommodation_staycation,train,pandemic_gap,2023-03-26
KR,accommodation_staycation,train,pandemic_gap,2023-04-02
KR,accommodation_staycation,train,pandemic_gap,2023-04-09
KR,accommodation_staycation,train,pandemic_gap,2023-04-16
KR,accommodation_staycation,train,pandemic_gap,2023-04-23
KR,accommodation_staycation,train,pandemic_gap,2023-04-30
KR,accommodation_staycation,train,pandemic_gap,2023-05-07
KR,accommodation_staycation,train,pandemic_gap,2023-05-14
KR,accommodation_staycation,train,pandemic_gap,2023-05-21
KR,accommodation_staycation,train,pandemic_gap,2023-05-28
KR,accommodation_staycation,train,pandemic_gap,2023-06-04
KR,accommodation_staycation,train,pandemic_gap,2023-06-11
KR,accommodation_staycation,train,pandemic_gap,2023-06-18
KR,accommodation_staycation,train,pandemic_gap,2023-06-25
KR,accommodation_staycation,train,pandemic_gap,2023-07-02
KR,accommodation_staycation,train,pandemic_gap,2023-07-09
KR,accommodation_staycation,train,pandemic_gap,2023-07-16
KR,accommodation_staycation,train,pandemic_gap,2023-07-23
KR,accommodation_staycation,train,pandemic_gap,2023-07-30
KR,accommodation_staycation,train,pandemic_gap,2023-08-06
KR,accommodation_staycation,train,pandemic_gap,2023-08-13
KR,accommodation_staycation,train,pandemic_gap,2023-08-20
KR,accommodation_staycation,train,pandemic_gap,2023-08-27
KR,accommodation_staycation,train,pandemic_gap,2023-09-03
KR,accommodation_staycation,train,pandemic_gap,2023-09-10
KR,accommodation_staycation,train,pandemic_gap,2023-09-17
KR,accommodation_staycation,train,pandemic_gap,2023-09-24
KR,accommodation_staycation,train,pandemic_gap,2023-10-01
KR,accommodation_staycation,train,pandemic_gap,2023-10-08
KR,accommodation_staycation,train,pandemic_gap,2023-10-15
KR,accommodation_staycation,train,pandemic_gap,2023-10-22
KR,accommodation_staycation,train,pandemic_gap,2023-10-29
KR,accommodation_staycation,train,pandemic_gap,2023-11-05
KR,accommodation_staycation,train,pandemic_gap,2023-11-12
KR,accommodation_staycation,train,pandemic_gap,2023-11-19
KR,accommodation_staycation,train,pandemic_gap,2023-11-26
KR,accommodation_staycation,train,pandemic_gap,2023-12-03
KR,accommodation_staycation,train,pandemic_gap,2023-12-10
KR,accommodation_staycation,train,pandemic_gap,2023-12-17
KR,accommodation_staycation,train,target_crosses_split,2024-03-03
KR,accommodation_staycation,train,target_crosses_split,2024-03-10
KR,accommodation_staycation,train,target_crosses_split,2024-03-17
KR,accommodation_staycation,train,target_crosses_split,2024-03-24
KR,accommodation_staycation,train,target_crosses_split,2024-03-31
KR,accommodation_staycation,train,target_crosses_split,2024-04-07
KR,accommodation_staycation,train,target_crosses_split,2024-04-14
KR,accommodation_staycation,train,target_crosses_split,2024-04-21
KR,accommodation_staycation,train,target_crosses_split,2024-04-28
KR,accommodation_staycation,train,target_crosses_split,2024-05-05
KR,accommodation_staycation,train,target_crosses_split,2024-05-12
KR,accommodation_staycation,validation,target_crosses_split,2024-12-22
KR,accommodation_staycation,validation,target_crosses_split,2024-12-29
KR,accommodation_staycation,validation,target_crosses_split,2025-01-05
KR,accommodation_staycation,validation,target_crosses_split,2025-01-12
KR,accommodation_staycation,validation,target_crosses_split,2025-01-19
KR,accommodation_staycation,validation,target_crosses_split,2025-01-26
KR,accommodation_staycation,validation,target_crosses_split,2025-02-02
KR,accommodation_staycation,validation,target_crosses_split,2025-02-09
KR,accommodation_staycation,validation,target_crosses_split,2025-02-16
KR,accommodation_staycation,validation,target_crosses_split,2025-02-23
KR,accommodation_staycation,validation,target_crosses_split,2025-03-02
KR,adventure_nature,train,pandemic_gap,2019-10-06
KR,adventure_nature,train,pandemic_gap,2019-10-13
KR,adventure_nature,train,pandemic_gap,2019-10-20
KR,adventure_nature,train,pandemic_gap,2019-10-27
KR,adventure_nature,train,pandemic_gap,2019-11-03
KR,adventure_nature,train,pandemic_gap,2019-11-10
KR,adventure_nature,train,pandemic_gap,2019-11-17
KR,adventure_nature,train,pandemic_gap,2019-11-24
KR,adventure_nature,train,pandemic_gap,2019-12-01
KR,adventure_nature,train,pandemic_gap,2019-12-08
KR,adventure_nature,train,pandemic_gap,2019-12-15
KR,adventure_nature,train,pandemic_gap,2019-12-22
KR,adventure_nature,train,pandemic_gap,2023-01-01
KR,adventure_nature,train,pandemic_gap,2023-01-08
KR,adventure_nature,train,pandemic_gap,2023-01-15
KR,adventure_nature,train,pandemic_gap,2023-01-22
KR,adventure_nature,train,pandemic_gap,2023-01-29
KR,adventure_nature,train,pandemic_gap,2023-02-05
KR,adventure_nature,train,pandemic_gap,2023-02-12
KR,adventure_nature,train,pandemic_gap,2023-02-19
KR,adventure_nature,train,pandemic_gap,2023-02-26
KR,adventure_nature,train,pandemic_gap,2023-03-05
KR,adventure_nature,train,pandemic_gap,2023-03-12
KR,adventure_nature,train,pandemic_gap,2023-03-19
KR,adventure_nature,train,pandemic_gap,2023-03-26
KR,adventure_nature,train,pandemic_gap,2023-04-02
KR,adventure_nature,train,pandemic_gap,2023-04-09
KR,adventure_nature,train,pandemic_gap,2023-04-16
KR,adventure_nature,train,pandemic_gap,2023-04-23
KR,adventure_nature,train,pandemic_gap,2023-04-30
KR,adventure_nature,train,pandemic_gap,2023-05-07
KR,adventure_nature,train,pandemic_gap,2023-05-14
KR,adventure_nature,train,pandemic_gap,2023-05-21
KR,adventure_nature,train,pandemic_gap,2023-05-28
KR,adventure_nature,train,pandemic_gap,2023-06-04
KR,adventure_nature,train,pandemic_gap,2023-06-11
KR,adventure_nature,train,pandemic_gap,2023-06-18
KR,adventure_nature,train,pandemic_gap,2023-06-25
KR,adventure_nature,train,pandemic_gap,2023-07-02
KR,adventure_nature,train,pandemic_gap,2023-07-09
KR,adventure_nature,train,pandemic_gap,2023-07-16
KR,adventure_nature,train,pandemic_gap,2023-07-23
KR,adventure_nature,train,pandemic_gap,2023-07-30
KR,adventure_nature,train,pandemic_gap,2023-08-06
KR,adventure_nature,train,pandemic_gap,2023-08-13
KR,adventure_nature,train,pandemic_gap,2023-08-20
KR,adventure_nature,train,pandemic_gap,2023-08-27
KR,adventure_nature,train,pandemic_gap,2023-09-03
KR,adventure_nature,train,pandemic_gap,2023-09-10
KR,adventure_nature,train,pandemic_gap,2023-09-17
KR,adventure_nature,train,pandemic_gap,2023-09-24
KR,adventure_nature,train,pandemic_gap,2023-10-01
KR,adventure_nature,train,pandemic_gap,2023-10-08
KR,adventure_nature,train,pandemic_gap,2023-10-15
KR,adventure_nature,train,pandemic_gap,2023-10-22
KR,adventure_nature,train,pandemic_gap,2023-10-29
KR,adventure_nature,train,pandemic_gap,2023-11-05
KR,adventure_nature,train,pandemic_gap,2023-11-12
KR,adventure_nature,train,pandemic_gap,2023-11-19
KR,adventure_nature,train,pandemic_gap,2023-11-26
KR,adventure_nature,train,pandemic_gap,2023-12-03
KR,adventure_nature,train,pandemic_gap,2023-12-10
KR,adventure_nature,train,pandemic_gap,2023-12-17
KR,adventure_nature,train,target_crosses_split,2024-03-03
KR,adventure_nature,train,target_crosses_split,2024-03-10
KR,adventure_nature,train,target_crosses_split,2024-03-17
KR,adventure_nature,train,target_crosses_split,2024-03-24
KR,adventure_nature,train,target_crosses_split,2024-03-31
KR,adventure_nature,train,target_crosses_split,2024-04-07
KR,adventure_nature,train,target_crosses_split,2024-04-14
KR,adventure_nature,train,target_crosses_split,2024-04-21
KR,adventure_nature,train,target_crosses_split,2024-04-28
KR,adventure_nature,train,target_crosses_split,2024-05-05
KR,adventure_nature,train,target_crosses_split,2024-05-12
KR,adventure_nature,validation,target_crosses_split,2024-12-22
KR,adventure_nature,validation,target_crosses_split,2024-12-29
KR,adventure_nature,validation,target_crosses_split,2025-01-05
KR,adventure_nature,validation,target_crosses_split,2025-01-12
KR,adventure_nature,validation,target_crosses_split,2025-01-19
KR,adventure_nature,validation,target_crosses_split,2025-01-26
KR,adventure_nature,validation,target_crosses_split,2025-02-02
KR,adventure_nature,validation,target_crosses_split,2025-02-09
KR,adventure_nature,validation,target_crosses_split,2025-02-16
KR,adventure_nature,validation,target_crosses_split,2025-02-23
KR,adventure_nature,validation,target_crosses_split,2025-03-02
KR,coastal_island,train,pandemic_gap,2019-10-06
KR,coastal_island,train,pandemic_gap,2019-10-13
KR,coastal_island,train,pandemic_gap,2019-10-20
KR,coastal_island,train,pandemic_gap,2019-10-27
KR,coastal_island,train,pandemic_gap,2019-11-03
KR,coastal_island,train,pandemic_gap,2019-11-10
KR,coastal_island,train,pandemic_gap,2019-11-17
KR,coastal_island,train,pandemic_gap,2019-11-24
KR,coastal_island,train,pandemic_gap,2019-12-01
KR,coastal_island,train,pandemic_gap,2019-12-08
KR,coastal_island,train,pandemic_gap,2019-12-15
KR,coastal_island,train,pandemic_gap,2019-12-22
KR,coastal_island,train,pandemic_gap,2023-01-01
KR,coastal_island,train,pandemic_gap,2023-01-08
KR,coastal_island,train,pandemic_gap,2023-01-15
KR,coastal_island,train,pandemic_gap,2023-01-22
KR,coastal_island,train,pandemic_gap,2023-01-29
KR,coastal_island,train,pandemic_gap,2023-02-05
KR,coastal_island,train,pandemic_gap,2023-02-12
KR,coastal_island,train,pandemic_gap,2023-02-19
KR,coastal_island,train,pandemic_gap,2023-02-26
KR,coastal_island,train,pandemic_gap,2023-03-05
KR,coastal_island,train,pandemic_gap,2023-03-12
KR,coastal_island,train,pandemic_gap,2023-03-19
KR,coastal_island,train,pandemic_gap,2023-03-26
KR,coastal_island,train,pandemic_gap,2023-04-02
KR,coastal_island,train,pandemic_gap,2023-04-09
KR,coastal_island,train,pandemic_gap,2023-04-16
KR,coastal_island,train,pandemic_gap,2023-04-23
KR,coastal_island,train,pandemic_gap,2023-04-30
KR,coastal_island,train,pandemic_gap,2023-05-07
KR,coastal_island,train,pandemic_gap,2023-05-14
KR,coastal_island,train,pandemic_gap,2023-05-21
KR,coastal_island,train,pandemic_gap,2023-05-28
KR,coastal_island,train,pandemic_gap,2023-06-04
KR,coastal_island,train,pandemic_gap,2023-06-11
KR,coastal_island,train,pandemic_gap,2023-06-18
KR,coastal_island,train,pandemic_gap,2023-06-25
KR,coastal_island,train,pandemic_gap,2023-07-02
KR,coastal_island,train,pandemic_gap,2023-07-09
KR,coastal_island,train,pandemic_gap,2023-07-16
KR,coastal_island,train,pandemic_gap,2023-07-23
KR,coastal_island,train,pandemic_gap,2023-07-30
KR,coastal_island,train,pandemic_gap,2023-08-06
KR,coastal_island,train,pandemic_gap,2023-08-13
KR,coastal_island,train,pandemic_gap,2023-08-20
KR,coastal_island,train,pandemic_gap,2023-08-27
KR,coastal_island,train,pandemic_gap,2023-09-03
KR,coastal_island,train,pandemic_gap,2023-09-10
KR,coastal_island,train,pandemic_gap,2023-09-17
KR,coastal_island,train,pandemic_gap,2023-09-24
KR,coastal_island,train,pandemic_gap,2023-10-01
KR,coastal_island,train,pandemic_gap,2023-10-08
KR,coastal_island,train,pandemic_gap,2023-10-15
KR,coastal_island,train,pandemic_gap,2023-10-22
KR,coastal_island,train,pandemic_gap,2023-10-29
KR,coastal_island,train,pandemic_gap,2023-11-05
KR,coastal_island,train,pandemic_gap,2023-11-12
KR,coastal_island,train,pandemic_gap,2023-11-19
KR,coastal_island,train,pandemic_gap,2023-11-26
KR,coastal_island,train,pandemic_gap,2023-12-03
KR,coastal_island,train,pandemic_gap,2023-12-10
KR,coastal_island,train,pandemic_gap,2023-12-17
KR,coastal_island,train,target_crosses_split,2024-03-03
KR,coastal_island,train,target_crosses_split,2024-03-10
KR,coastal_island,train,target_crosses_split,2024-03-17
KR,coastal_island,train,target_crosses_split,2024-03-24
KR,coastal_island,train,target_crosses_split,2024-03-31
KR,coastal_island,train,target_crosses_split,2024-04-07
KR,coastal_island,train,target_crosses_split,2024-04-14
KR,coastal_island,train,target_crosses_split,2024-04-21
KR,coastal_island,train,target_crosses_split,2024-04-28
KR,coastal_island,train,target_crosses_split,2024-05-05
KR,coastal_island,train,target_crosses_split,2024-05-12
KR,coastal_island,validation,target_crosses_split,2024-12-22
KR,coastal_island,validation,target_crosses_split,2024-12-29
KR,coastal_island,validation,target_crosses_split,2025-01-05
KR,coastal_island,validation,target_crosses_split,2025-01-12
KR,coastal_island,validation,target_crosses_split,2025-01-19
KR,coastal_island,validation,target_crosses_split,2025-01-26
KR,coastal_island,validation,target_crosses_split,2025-02-02
KR,coastal_island,validation,target_crosses_split,2025-02-09
KR,coastal_island,validation,target_crosses_split,2025-02-16
KR,coastal_island,validation,target_crosses_split,2025-02-23
KR,coastal_island,validation,target_crosses_split,2025-03-02
KR,culinary_gastronomy,train,pandemic_gap,2019-10-06
KR,culinary_gastronomy,train,pandemic_gap,2019-10-13
KR,culinary_gastronomy,train,pandemic_gap,2019-10-20
KR,culinary_gastronomy,train,pandemic_gap,2019-10-27
KR,culinary_gastronomy,train,pandemic_gap,2019-11-03
KR,culinary_gastronomy,train,pandemic_gap,2019-11-10
KR,culinary_gastronomy,train,pandemic_gap,2019-11-17
KR,culinary_gastronomy,train,pandemic_gap,2019-11-24
KR,culinary_gastronomy,train,pandemic_gap,2019-12-01
KR,culinary_gastronomy,train,pandemic_gap,2019-12-08
KR,culinary_gastronomy,train,pandemic_gap,2019-12-15
KR,culinary_gastronomy,train,pandemic_gap,2019-12-22
KR,culinary_gastronomy,train,pandemic_gap,2023-01-01
KR,culinary_gastronomy,train,pandemic_gap,2023-01-08
KR,culinary_gastronomy,train,pandemic_gap,2023-01-15
KR,culinary_gastronomy,train,pandemic_gap,2023-01-22
KR,culinary_gastronomy,train,pandemic_gap,2023-01-29
KR,culinary_gastronomy,train,pandemic_gap,2023-02-05
KR,culinary_gastronomy,train,pandemic_gap,2023-02-12
KR,culinary_gastronomy,train,pandemic_gap,2023-02-19
KR,culinary_gastronomy,train,pandemic_gap,2023-02-26
KR,culinary_gastronomy,train,pandemic_gap,2023-03-05
KR,culinary_gastronomy,train,pandemic_gap,2023-03-12
KR,culinary_gastronomy,train,pandemic_gap,2023-03-19
KR,culinary_gastronomy,train,pandemic_gap,2023-03-26
KR,culinary_gastronomy,train,pandemic_gap,2023-04-02
KR,culinary_gastronomy,train,pandemic_gap,2023-04-09
KR,culinary_gastronomy,train,pandemic_gap,2023-04-16
KR,culinary_gastronomy,train,pandemic_gap,2023-04-23
KR,culinary_gastronomy,train,pandemic_gap,2023-04-30
KR,culinary_gastronomy,train,pandemic_gap,2023-05-07
KR,culinary_gastronomy,train,pandemic_gap,2023-05-14
KR,culinary_gastronomy,train,pandemic_gap,2023-05-21
KR,culinary_gastronomy,train,pandemic_gap,2023-05-28
KR,culinary_gastronomy,train,pandemic_gap,2023-06-04
KR,culinary_gastronomy,train,pandemic_gap,2023-06-11
KR,culinary_gastronomy,train,pandemic_gap,2023-06-18
KR,culinary_gastronomy,train,pandemic_gap,2023-06-25
KR,culinary_gastronomy,train,pandemic_gap,2023-07-02
KR,culinary_gastronomy,train,pandemic_gap,2023-07-09
KR,culinary_gastronomy,train,pandemic_gap,2023-07-16
KR,culinary_gastronomy,train,pandemic_gap,2023-07-23
KR,culinary_gastronomy,train,pandemic_gap,2023-07-30
KR,culinary_gastronomy,train,pandemic_gap,2023-08-06
KR,culinary_gastronomy,train,pandemic_gap,2023-08-13
KR,culinary_gastronomy,train,pandemic_gap,2023-08-20
KR,culinary_gastronomy,train,pandemic_gap,2023-08-27
KR,culinary_gastronomy,train,pandemic_gap,2023-09-03
KR,culinary_gastronomy,train,pandemic_gap,2023-09-10
KR,culinary_gastronomy,train,pandemic_gap,2023-09-17
KR,culinary_gastronomy,train,pandemic_gap,2023-09-24
KR,culinary_gastronomy,train,pandemic_gap,2023-10-01
KR,culinary_gastronomy,train,pandemic_gap,2023-10-08
KR,culinary_gastronomy,train,pandemic_gap,2023-10-15
KR,culinary_gastronomy,train,pandemic_gap,2023-10-22
KR,culinary_gastronomy,train,pandemic_gap,2023-10-29
KR,culinary_gastronomy,train,pandemic_gap,2023-11-05
KR,culinary_gastronomy,train,pandemic_gap,2023-11-12
KR,culinary_gastronomy,train,pandemic_gap,2023-11-19
KR,culinary_gastronomy,train,pandemic_gap,2023-11-26
KR,culinary_gastronomy,train,pandemic_gap,2023-12-03
KR,culinary_gastronomy,train,pandemic_gap,2023-12-10
KR,culinary_gastronomy,train,pandemic_gap,2023-12-17
KR,culinary_gastronomy,train,target_crosses_split,2024-03-03
KR,culinary_gastronomy,train,target_crosses_split,2024-03-10
KR,culinary_gastronomy,train,target_crosses_split,2024-03-17
KR,culinary_gastronomy,train,target_crosses_split,2024-03-24
KR,culinary_gastronomy,train,target_crosses_split,2024-03-31
KR,culinary_gastronomy,train,target_crosses_split,2024-04-07
KR,culinary_gastronomy,train,target_crosses_split,2024-04-14
KR,culinary_gastronomy,train,target_crosses_split,2024-04-21
KR,culinary_gastronomy,train,target_crosses_split,2024-04-28
KR,culinary_gastronomy,train,target_crosses_split,2024-05-05
KR,culinary_gastronomy,train,target_crosses_split,2024-05-12
KR,culinary_gastronomy,validation,target_crosses_split,2024-12-22
KR,culinary_gastronomy,validation,target_crosses_split,2024-12-29
KR,culinary_gastronomy,validation,target_crosses_split,2025-01-05
KR,culinary_gastronomy,validation,target_crosses_split,2025-01-12
KR,culinary_gastronomy,validation,target_crosses_split,2025-01-19
KR,culinary_gastronomy,validation,target_crosses_split,2025-01-26
KR,culinary_gastronomy,validation,target_crosses_split,2025-02-02
KR,culinary_gastronomy,validation,target_crosses_split,2025-02-09
KR,culinary_gastronomy,validation,target_crosses_split,2025-02-16
KR,culinary_gastronomy,validation,target_crosses_split,2025-02-23
KR,culinary_gastronomy,validation,target_crosses_split,2025-03-02
KR,cultural_heritage,train,pandemic_gap,2019-10-06
KR,cultural_heritage,train,pandemic_gap,2019-10-13
KR,cultural_heritage,train,pandemic_gap,2019-10-20
KR,cultural_heritage,train,pandemic_gap,2019-10-27
KR,cultural_heritage,train,pandemic_gap,2019-11-03
KR,cultural_heritage,train,pandemic_gap,2019-11-10
KR,cultural_heritage,train,pandemic_gap,2019-11-17
KR,cultural_heritage,train,pandemic_gap,2019-11-24
KR,cultural_heritage,train,pandemic_gap,2019-12-01
KR,cultural_heritage,train,pandemic_gap,2019-12-08
KR,cultural_heritage,train,pandemic_gap,2019-12-15
KR,cultural_heritage,train,pandemic_gap,2019-12-22
KR,cultural_heritage,train,pandemic_gap,2023-01-01
KR,cultural_heritage,train,pandemic_gap,2023-01-08
KR,cultural_heritage,train,pandemic_gap,2023-01-15
KR,cultural_heritage,train,pandemic_gap,2023-01-22
KR,cultural_heritage,train,pandemic_gap,2023-01-29
KR,cultural_heritage,train,pandemic_gap,2023-02-05
KR,cultural_heritage,train,pandemic_gap,2023-02-12
KR,cultural_heritage,train,pandemic_gap,2023-02-19
KR,cultural_heritage,train,pandemic_gap,2023-02-26
KR,cultural_heritage,train,pandemic_gap,2023-03-05
KR,cultural_heritage,train,pandemic_gap,2023-03-12
KR,cultural_heritage,train,pandemic_gap,2023-03-19
KR,cultural_heritage,train,pandemic_gap,2023-03-26
KR,cultural_heritage,train,pandemic_gap,2023-04-02
KR,cultural_heritage,train,pandemic_gap,2023-04-09
KR,cultural_heritage,train,pandemic_gap,2023-04-16
KR,cultural_heritage,train,pandemic_gap,2023-04-23
KR,cultural_heritage,train,pandemic_gap,2023-04-30
KR,cultural_heritage,train,pandemic_gap,2023-05-07
KR,cultural_heritage,train,pandemic_gap,2023-05-14
KR,cultural_heritage,train,pandemic_gap,2023-05-21
KR,cultural_heritage,train,pandemic_gap,2023-05-28
KR,cultural_heritage,train,pandemic_gap,2023-06-04
KR,cultural_heritage,train,pandemic_gap,2023-06-11
KR,cultural_heritage,train,pandemic_gap,2023-06-18
KR,cultural_heritage,train,pandemic_gap,2023-06-25
KR,cultural_heritage,train,pandemic_gap,2023-07-02
KR,cultural_heritage,train,pandemic_gap,2023-07-09
KR,cultural_heritage,train,pandemic_gap,2023-07-16
KR,cultural_heritage,train,pandemic_gap,2023-07-23
KR,cultural_heritage,train,pandemic_gap,2023-07-30
KR,cultural_heritage,train,pandemic_gap,2023-08-06
KR,cultural_heritage,train,pandemic_gap,2023-08-13
KR,cultural_heritage,train,pandemic_gap,2023-08-20
KR,cultural_heritage,train,pandemic_gap,2023-08-27
KR,cultural_heritage,train,pandemic_gap,2023-09-03
KR,cultural_heritage,train,pandemic_gap,2023-09-10
KR,cultural_heritage,train,pandemic_gap,2023-09-17
KR,cultural_heritage,train,pandemic_gap,2023-09-24
KR,cultural_heritage,train,pandemic_gap,2023-10-01
KR,cultural_heritage,train,pandemic_gap,2023-10-08
KR,cultural_heritage,train,pandemic_gap,2023-10-15
KR,cultural_heritage,train,pandemic_gap,2023-10-22
KR,cultural_heritage,train,pandemic_gap,2023-10-29
KR,cultural_heritage,train,pandemic_gap,2023-11-05
KR,cultural_heritage,train,pandemic_gap,2023-11-12
KR,cultural_heritage,train,pandemic_gap,2023-11-19
KR,cultural_heritage,train,pandemic_gap,2023-11-26
KR,cultural_heritage,train,pandemic_gap,2023-12-03
KR,cultural_heritage,train,pandemic_gap,2023-12-10
KR,cultural_heritage,train,pandemic_gap,2023-12-17
KR,cultural_heritage,train,target_crosses_split,2024-03-03
KR,cultural_heritage,train,target_crosses_split,2024-03-10
KR,cultural_heritage,train,target_crosses_split,2024-03-17
KR,cultural_heritage,train,target_crosses_split,2024-03-24
KR,cultural_heritage,train,target_crosses_split,2024-03-31
KR,cultural_heritage,train,target_crosses_split,2024-04-07
KR,cultural_heritage,train,target_crosses_split,2024-04-14
KR,cultural_heritage,train,target_crosses_split,2024-04-21
KR,cultural_heritage,train,target_crosses_split,2024-04-28
KR,cultural_heritage,train,target_crosses_split,2024-05-05
KR,cultural_heritage,train,target_crosses_split,2024-05-12
KR,cultural_heritage,validation,target_crosses_split,2024-12-22
KR,cultural_heritage,validation,target_crosses_split,2024-12-29
KR,cultural_heritage,validation,target_crosses_split,2025-01-05
KR,cultural_heritage,validation,target_crosses_split,2025-01-12
KR,cultural_heritage,validation,target_crosses_split,2025-01-19
KR,cultural_heritage,validation,target_crosses_split,2025-01-26
KR,cultural_heritage,validation,target_crosses_split,2025-02-02
KR,cultural_heritage,validation,target_crosses_split,2025-02-09
KR,cultural_heritage,validation,target_crosses_split,2025-02-16
KR,cultural_heritage,validation,target_crosses_split,2025-02-23
KR,cultural_heritage,validation,target_crosses_split,2025-03-02
KR,theme_parks_entertainment,train,pandemic_gap,2019-10-06
KR,theme_parks_entertainment,train,pandemic_gap,2019-10-13
KR,theme_parks_entertainment,train,pandemic_gap,2019-10-20
KR,theme_parks_entertainment,train,pandemic_gap,2019-10-27
KR,theme_parks_entertainment,train,pandemic_gap,2019-11-03
KR,theme_parks_entertainment,train,pandemic_gap,2019-11-10
KR,theme_parks_entertainment,train,pandemic_gap,2019-11-17
KR,theme_parks_entertainment,train,pandemic_gap,2019-11-24
KR,theme_parks_entertainment,train,pandemic_gap,2019-12-01
KR,theme_parks_entertainment,train,pandemic_gap,2019-12-08
KR,theme_parks_entertainment,train,pandemic_gap,2019-12-15
KR,theme_parks_entertainment,train,pandemic_gap,2019-12-22
KR,theme_parks_entertainment,train,pandemic_gap,2023-01-01
KR,theme_parks_entertainment,train,pandemic_gap,2023-01-08
KR,theme_parks_entertainment,train,pandemic_gap,2023-01-15
KR,theme_parks_entertainment,train,pandemic_gap,2023-01-22
KR,theme_parks_entertainment,train,pandemic_gap,2023-01-29
KR,theme_parks_entertainment,train,pandemic_gap,2023-02-05
KR,theme_parks_entertainment,train,pandemic_gap,2023-02-12
KR,theme_parks_entertainment,train,pandemic_gap,2023-02-19
KR,theme_parks_entertainment,train,pandemic_gap,2023-02-26
KR,theme_parks_entertainment,train,pandemic_gap,2023-03-05
KR,theme_parks_entertainment,train,pandemic_gap,2023-03-12
KR,theme_parks_entertainment,train,pandemic_gap,2023-03-19
KR,theme_parks_entertainment,train,pandemic_gap,2023-03-26
KR,theme_parks_entertainment,train,pandemic_gap,2023-04-02
KR,theme_parks_entertainment,train,pandemic_gap,2023-04-09
KR,theme_parks_entertainment,train,pandemic_gap,2023-04-16
KR,theme_parks_entertainment,train,pandemic_gap,2023-04-23
KR,theme_parks_entertainment,train,pandemic_gap,2023-04-30
KR,theme_parks_entertainment,train,pandemic_gap,2023-05-07
KR,theme_parks_entertainment,train,pandemic_gap,2023-05-14
KR,theme_parks_entertainment,train,pandemic_gap,2023-05-21
KR,theme_parks_entertainment,train,pandemic_gap,2023-05-28
KR,theme_parks_entertainment,train,pandemic_gap,2023-06-04
KR,theme_parks_entertainment,train,pandemic_gap,2023-06-11
KR,theme_parks_entertainment,train,pandemic_gap,2023-06-18
KR,theme_parks_entertainment,train,pandemic_gap,2023-06-25
KR,theme_parks_entertainment,train,pandemic_gap,2023-07-02
KR,theme_parks_entertainment,train,pandemic_gap,2023-07-09
KR,theme_parks_entertainment,train,pandemic_gap,2023-07-16
KR,theme_parks_entertainment,train,pandemic_gap,2023-07-23
KR,theme_parks_entertainment,train,pandemic_gap,2023-07-30
KR,theme_parks_entertainment,train,pandemic_gap,2023-08-06
KR,theme_parks_entertainment,train,pandemic_gap,2023-08-13
KR,theme_parks_entertainment,train,pandemic_gap,2023-08-20
KR,theme_parks_entertainment,train,pandemic_gap,2023-08-27
KR,theme_parks_entertainment,train,pandemic_gap,2023-09-03
KR,theme_parks_entertainment,train,pandemic_gap,2023-09-10
KR,theme_parks_entertainment,train,pandemic_gap,2023-09-17
KR,theme_parks_entertainment,train,pandemic_gap,2023-09-24
KR,theme_parks_entertainment,train,pandemic_gap,2023-10-01
KR,theme_parks_entertainment,train,pandemic_gap,2023-10-08
KR,theme_parks_entertainment,train,pandemic_gap,2023-10-15
KR,theme_parks_entertainment,train,pandemic_gap,2023-10-22
KR,theme_parks_entertainment,train,pandemic_gap,2023-10-29
KR,theme_parks_entertainment,train,pandemic_gap,2023-11-05
KR,theme_parks_entertainment,train,pandemic_gap,2023-11-12
KR,theme_parks_entertainment,train,pandemic_gap,2023-11-19
KR,theme_parks_entertainment,train,pandemic_gap,2023-11-26
KR,theme_parks_entertainment,train,pandemic_gap,2023-12-03
KR,theme_parks_entertainment,train,pandemic_gap,2023-12-10
KR,theme_parks_entertainment,train,pandemic_gap,2023-12-17
KR,theme_parks_entertainment,train,target_crosses_split,2024-03-03
KR,theme_parks_entertainment,train,target_crosses_split,2024-03-10
KR,theme_parks_entertainment,train,target_crosses_split,2024-03-17
KR,theme_parks_entertainment,train,target_crosses_split,2024-03-24
KR,theme_parks_entertainment,train,target_crosses_split,2024-03-31
KR,theme_parks_entertainment,train,target_crosses_split,2024-04-07
KR,theme_parks_entertainment,train,target_crosses_split,2024-04-14
KR,theme_parks_entertainment,train,target_crosses_split,2024-04-21
KR,theme_parks_entertainment,train,target_crosses_split,2024-04-28
KR,theme_parks_entertainment,train,target_crosses_split,2024-05-05
KR,theme_parks_entertainment,train,target_crosses_split,2024-05-12
KR,theme_parks_entertainment,validation,target_crosses_split,2024-12-22
KR,theme_parks_entertainment,validation,target_crosses_split,2024-12-29
KR,theme_parks_entertainment,validation,target_crosses_split,2025-01-05
KR,theme_parks_entertainment,validation,target_crosses_split,2025-01-12
KR,theme_parks_entertainment,validation,target_crosses_split,2025-01-19
KR,theme_parks_entertainment,validation,target_crosses_split,2025-01-26
KR,theme_parks_entertainment,validation,target_crosses_split,2025-02-02
KR,theme_parks_entertainment,validation,target_crosses_split,2025-02-09
KR,theme_parks_entertainment,validation,target_crosses_split,2025-02-16
KR,theme_parks_entertainment,validation,target_crosses_split,2025-02-23
KR,theme_parks_entertainment,validation,target_crosses_split,2025-03-02
KR,urban_city,train,pandemic_gap,2019-10-06
KR,urban_city,train,pandemic_gap,2019-10-13
KR,urban_city,train,pandemic_gap,2019-10-20
KR,urban_city,train,pandemic_gap,2019-10-27
KR,urban_city,train,pandemic_gap,2019-11-03
KR,urban_city,train,pandemic_gap,2019-11-10
KR,urban_city,train,pandemic_gap,2019-11-17
KR,urban_city,train,pandemic_gap,2019-11-24
KR,urban_city,train,pandemic_gap,2019-12-01
KR,urban_city,train,pandemic_gap,2019-12-08
KR,urban_city,train,pandemic_gap,2019-12-15
KR,urban_city,train,pandemic_gap,2019-12-22
KR,urban_city,train,pandemic_gap,2023-01-01
KR,urban_city,train,pandemic_gap,2023-01-08
KR,urban_city,train,pandemic_gap,2023-01-15
KR,urban_city,train,pandemic_gap,2023-01-22
KR,urban_city,train,pandemic_gap,2023-01-29
KR,urban_city,train,pandemic_gap,2023-02-05
KR,urban_city,train,pandemic_gap,2023-02-12
KR,urban_city,train,pandemic_gap,2023-02-19
KR,urban_city,train,pandemic_gap,2023-02-26
KR,urban_city,train,pandemic_gap,2023-03-05
KR,urban_city,train,pandemic_gap,2023-03-12
KR,urban_city,train,pandemic_gap,2023-03-19
KR,urban_city,train,pandemic_gap,2023-03-26
KR,urban_city,train,pandemic_gap,2023-04-02
KR,urban_city,train,pandemic_gap,2023-04-09
KR,urban_city,train,pandemic_gap,2023-04-16
KR,urban_city,train,pandemic_gap,2023-04-23
KR,urban_city,train,pandemic_gap,2023-04-30
KR,urban_city,train,pandemic_gap,2023-05-07
KR,urban_city,train,pandemic_gap,2023-05-14
KR,urban_city,train,pandemic_gap,2023-05-21
KR,urban_city,train,pandemic_gap,2023-05-28
KR,urban_city,train,pandemic_gap,2023-06-04
KR,urban_city,train,pandemic_gap,2023-06-11
KR,urban_city,train,pandemic_gap,2023-06-18
KR,urban_city,train,pandemic_gap,2023-06-25
KR,urban_city,train,pandemic_gap,2023-07-02
KR,urban_city,train,pandemic_gap,2023-07-09
KR,urban_city,train,pandemic_gap,2023-07-16
KR,urban_city,train,pandemic_gap,2023-07-23
KR,urban_city,train,pandemic_gap,2023-07-30
KR,urban_city,train,pandemic_gap,2023-08-06
KR,urban_city,train,pandemic_gap,2023-08-13
KR,urban_city,train,pandemic_gap,2023-08-20
KR,urban_city,train,pandemic_gap,2023-08-27
KR,urban_city,train,pandemic_gap,2023-09-03
KR,urban_city,train,pandemic_gap,2023-09-10
KR,urban_city,train,pandemic_gap,2023-09-17
KR,urban_city,train,pandemic_gap,2023-09-24
KR,urban_city,train,pandemic_gap,2023-10-01
KR,urban_city,train,pandemic_gap,2023-10-08
KR,urban_city,train,pandemic_gap,2023-10-15
KR,urban_city,train,pandemic_gap,2023-10-22
KR,urban_city,train,pandemic_gap,2023-10-29
KR,urban_city,train,pandemic_gap,2023-11-05
KR,urban_city,train,pandemic_gap,2023-11-12
KR,urban_city,train,pandemic_gap,2023-11-19
KR,urban_city,train,pandemic_gap,2023-11-26
KR,urban_city,train,pandemic_gap,2023-12-03
KR,urban_city,train,pandemic_gap,2023-12-10
KR,urban_city,train,pandemic_gap,2023-12-17
KR,urban_city,train,target_crosses_split,2024-03-03
KR,urban_city,train,target_crosses_split,2024-03-10
KR,urban_city,train,target_crosses_split,2024-03-17
KR,urban_city,train,target_crosses_split,2024-03-24
KR,urban_city,train,target_crosses_split,2024-03-31
KR,urban_city,train,target_crosses_split,2024-04-07
KR,urban_city,train,target_crosses_split,2024-04-14
KR,urban_city,train,target_crosses_split,2024-04-21
KR,urban_city,train,target_crosses_split,2024-04-28
KR,urban_city,train,target_crosses_split,2024-05-05
KR,urban_city,train,target_crosses_split,2024-05-12
KR,urban_city,validation,target_crosses_split,2024-12-22
KR,urban_city,validation,target_crosses_split,2024-12-29
KR,urban_city,validation,target_crosses_split,2025-01-05
KR,urban_city,validation,target_crosses_split,2025-01-12
KR,urban_city,validation,target_crosses_split,2025-01-19
KR,urban_city,validation,target_crosses_split,2025-01-26
KR,urban_city,validation,target_crosses_split,2025-02-02
KR,urban_city,validation,target_crosses_split,2025-02-09
KR,urban_city,validation,target_crosses_split,2025-02-16
KR,urban_city,validation,target_crosses_split,2025-02-23
KR,urban_city,validation,target_crosses_split,2025-03-02
US,accommodation_staycation,train,pandemic_gap,2019-10-06
US,accommodation_staycation,train,pandemic_gap,2019-10-13
US,accommodation_staycation,train,pandemic_gap,2019-10-20
US,accommodation_staycation,train,pandemic_gap,2019-10-27
US,accommodation_staycation,train,pandemic_gap,2019-11-03
US,accommodation_staycation,train,pandemic_gap,2019-11-10
US,accommodation_staycation,train,pandemic_gap,2019-11-17
US,accommodation_staycation,train,pandemic_gap,2019-11-24
US,accommodation_staycation,train,pandemic_gap,2019-12-01
US,accommodation_staycation,train,pandemic_gap,2019-12-08
US,accommodation_staycation,train,pandemic_gap,2019-12-15
US,accommodation_staycation,train,pandemic_gap,2019-12-22
US,accommodation_staycation,train,pandemic_gap,2023-01-01
US,accommodation_staycation,train,pandemic_gap,2023-01-08
US,accommodation_staycation,train,pandemic_gap,2023-01-15
US,accommodation_staycation,train,pandemic_gap,2023-01-22
US,accommodation_staycation,train,pandemic_gap,2023-01-29
US,accommodation_staycation,train,pandemic_gap,2023-02-05
US,accommodation_staycation,train,pandemic_gap,2023-02-12
US,accommodation_staycation,train,pandemic_gap,2023-02-19
US,accommodation_staycation,train,pandemic_gap,2023-02-26
US,accommodation_staycation,train,pandemic_gap,2023-03-05
US,accommodation_staycation,train,pandemic_gap,2023-03-12
US,accommodation_staycation,train,pandemic_gap,2023-03-19
US,accommodation_staycation,train,pandemic_gap,2023-03-26
US,accommodation_staycation,train,pandemic_gap,2023-04-02
US,accommodation_staycation,train,pandemic_gap,2023-04-09
US,accommodation_staycation,train,pandemic_gap,2023-04-16
US,accommodation_staycation,train,pandemic_gap,2023-04-23
US,accommodation_staycation,train,pandemic_gap,2023-04-30
US,accommodation_staycation,train,pandemic_gap,2023-05-07
US,accommodation_staycation,train,pandemic_gap,2023-05-14
US,accommodation_staycation,train,pandemic_gap,2023-05-21
US,accommodation_staycation,train,pandemic_gap,2023-05-28
US,accommodation_staycation,train,pandemic_gap,2023-06-04
US,accommodation_staycation,train,pandemic_gap,2023-06-11
US,accommodation_staycation,train,pandemic_gap,2023-06-18
US,accommodation_staycation,train,pandemic_gap,2023-06-25
US,accommodation_staycation,train,pandemic_gap,2023-07-02
US,accommodation_staycation,train,pandemic_gap,2023-07-09
US,accommodation_staycation,train,pandemic_gap,2023-07-16
US,accommodation_staycation,train,pandemic_gap,2023-07-23
US,accommodation_staycation,train,pandemic_gap,2023-07-30
US,accommodation_staycation,train,pandemic_gap,2023-08-06
US,accommodation_staycation,train,pandemic_gap,2023-08-13
US,accommodation_staycation,train,pandemic_gap,2023-08-20
US,accommodation_staycation,train,pandemic_gap,2023-08-27
US,accommodation_staycation,train,pandemic_gap,2023-09-03
US,accommodation_staycation,train,pandemic_gap,2023-09-10
US,accommodation_staycation,train,pandemic_gap,2023-09-17
US,accommodation_staycation,train,pandemic_gap,2023-09-24
US,accommodation_staycation,train,pandemic_gap,2023-10-01
US,accommodation_staycation,train,pandemic_gap,2023-10-08
US,accommodation_staycation,train,pandemic_gap,2023-10-15
US,accommodation_staycation,train,pandemic_gap,2023-10-22
US,accommodation_staycation,train,pandemic_gap,2023-10-29
US,accommodation_staycation,train,pandemic_gap,2023-11-05
US,accommodation_staycation,train,pandemic_gap,2023-11-12
US,accommodation_staycation,train,pandemic_gap,2023-11-19
US,accommodation_staycation,train,pandemic_gap,2023-11-26
US,accommodation_staycation,train,pandemic_gap,2023-12-03
US,accommodation_staycation,train,pandemic_gap,2023-12-10
US,accommodation_staycation,train,pandemic_gap,2023-12-17
US,accommodation_staycation,train,target_crosses_split,2024-03-03
US,accommodation_staycation,train,target_crosses_split,2024-03-10
US,accommodation_staycation,train,target_crosses_split,2024-03-17
US,accommodation_staycation,train,target_crosses_split,2024-03-24
US,accommodation_staycation,train,target_crosses_split,2024-03-31
US,accommodation_staycation,train,target_crosses_split,2024-04-07
US,accommodation_staycation,train,target_crosses_split,2024-04-14
US,accommodation_staycation,train,target_crosses_split,2024-04-21
US,accommodation_staycation,train,target_crosses_split,2024-04-28
US,accommodation_staycation,train,target_crosses_split,2024-05-05
US,accommodation_staycation,train,target_crosses_split,2024-05-12
US,accommodation_staycation,validation,target_crosses_split,2024-12-22
US,accommodation_staycation,validation,target_crosses_split,2024-12-29
US,accommodation_staycation,validation,target_crosses_split,2025-01-05
US,accommodation_staycation,validation,target_crosses_split,2025-01-12
US,accommodation_staycation,validation,target_crosses_split,2025-01-19
US,accommodation_staycation,validation,target_crosses_split,2025-01-26
US,accommodation_staycation,validation,target_crosses_split,2025-02-02
US,accommodation_staycation,validation,target_crosses_split,2025-02-09
US,accommodation_staycation,validation,target_crosses_split,2025-02-16
US,accommodation_staycation,validation,target_crosses_split,2025-02-23
US,accommodation_staycation,validation,target_crosses_split,2025-03-02
US,adventure_nature,train,pandemic_gap,2019-10-06
US,adventure_nature,train,pandemic_gap,2019-10-13
US,adventure_nature,train,pandemic_gap,2019-10-20
US,adventure_nature,train,pandemic_gap,2019-10-27
US,adventure_nature,train,pandemic_gap,2019-11-03
US,adventure_nature,train,pandemic_gap,2019-11-10
US,adventure_nature,train,pandemic_gap,2019-11-17
US,adventure_nature,train,pandemic_gap,2019-11-24
US,adventure_nature,train,pandemic_gap,2019-12-01
US,adventure_nature,train,pandemic_gap,2019-12-08
US,adventure_nature,train,pandemic_gap,2019-12-15
US,adventure_nature,train,pandemic_gap,2019-12-22
US,adventure_nature,train,pandemic_gap,2023-01-01
US,adventure_nature,train,pandemic_gap,2023-01-08
US,adventure_nature,train,pandemic_gap,2023-01-15
US,adventure_nature,train,pandemic_gap,2023-01-22
US,adventure_nature,train,pandemic_gap,2023-01-29
US,adventure_nature,train,pandemic_gap,2023-02-05
US,adventure_nature,train,pandemic_gap,2023-02-12
US,adventure_nature,train,pandemic_gap,2023-02-19
US,adventure_nature,train,pandemic_gap,2023-02-26
US,adventure_nature,train,pandemic_gap,2023-03-05
US,adventure_nature,train,pandemic_gap,2023-03-12
US,adventure_nature,train,pandemic_gap,2023-03-19
US,adventure_nature,train,pandemic_gap,2023-03-26
US,adventure_nature,train,pandemic_gap,2023-04-02
US,adventure_nature,train,pandemic_gap,2023-04-09
US,adventure_nature,train,pandemic_gap,2023-04-16
US,adventure_nature,train,pandemic_gap,2023-04-23
US,adventure_nature,train,pandemic_gap,2023-04-30
US,adventure_nature,train,pandemic_gap,2023-05-07
US,adventure_nature,train,pandemic_gap,2023-05-14
US,adventure_nature,train,pandemic_gap,2023-05-21
US,adventure_nature,train,pandemic_gap,2023-05-28
US,adventure_nature,train,pandemic_gap,2023-06-04
US,adventure_nature,train,pandemic_gap,2023-06-11
US,adventure_nature,train,pandemic_gap,2023-06-18
US,adventure_nature,train,pandemic_gap,2023-06-25
US,adventure_nature,train,pandemic_gap,2023-07-02
US,adventure_nature,train,pandemic_gap,2023-07-09
US,adventure_nature,train,pandemic_gap,2023-07-16
US,adventure_nature,train,pandemic_gap,2023-07-23
US,adventure_nature,train,pandemic_gap,2023-07-30
US,adventure_nature,train,pandemic_gap,2023-08-06
US,adventure_nature,train,pandemic_gap,2023-08-13
US,adventure_nature,train,pandemic_gap,2023-08-20
US,adventure_nature,train,pandemic_gap,2023-08-27
US,adventure_nature,train,pandemic_gap,2023-09-03
US,adventure_nature,train,pandemic_gap,2023-09-10
US,adventure_nature,train,pandemic_gap,2023-09-17
US,adventure_nature,train,pandemic_gap,2023-09-24
US,adventure_nature,train,pandemic_gap,2023-10-01
US,adventure_nature,train,pandemic_gap,2023-10-08
US,adventure_nature,train,pandemic_gap,2023-10-15
US,adventure_nature,train,pandemic_gap,2023-10-22
US,adventure_nature,train,pandemic_gap,2023-10-29
US,adventure_nature,train,pandemic_gap,2023-11-05
US,adventure_nature,train,pandemic_gap,2023-11-12
US,adventure_nature,train,pandemic_gap,2023-11-19
US,adventure_nature,train,pandemic_gap,2023-11-26
US,adventure_nature,train,pandemic_gap,2023-12-03
US,adventure_nature,train,pandemic_gap,2023-12-10
US,adventure_nature,train,pandemic_gap,2023-12-17
US,adventure_nature,train,target_crosses_split,2024-03-03
US,adventure_nature,train,target_crosses_split,2024-03-10
US,adventure_nature,train,target_crosses_split,2024-03-17
US,adventure_nature,train,target_crosses_split,2024-03-24
US,adventure_nature,train,target_crosses_split,2024-03-31
US,adventure_nature,train,target_crosses_split,2024-04-07
US,adventure_nature,train,target_crosses_split,2024-04-14
US,adventure_nature,train,target_crosses_split,2024-04-21
US,adventure_nature,train,target_crosses_split,2024-04-28
US,adventure_nature,train,target_crosses_split,2024-05-05
US,adventure_nature,train,target_crosses_split,2024-05-12
US,adventure_nature,validation,target_crosses_split,2024-12-22
US,adventure_nature,validation,target_crosses_split,2024-12-29
US,adventure_nature,validation,target_crosses_split,2025-01-05
US,adventure_nature,validation,target_crosses_split,2025-01-12
US,adventure_nature,validation,target_crosses_split,2025-01-19
US,adventure_nature,validation,target_crosses_split,2025-01-26
US,adventure_nature,validation,target_crosses_split,2025-02-02
US,adventure_nature,validation,target_crosses_split,2025-02-09
US,adventure_nature,validation,target_crosses_split,2025-02-16
US,adventure_nature,validation,target_crosses_split,2025-02-23
US,adventure_nature,validation,target_crosses_split,2025-03-02
US,coastal_island,train,pandemic_gap,2019-10-06
US,coastal_island,train,pandemic_gap,2019-10-13
US,coastal_island,train,pandemic_gap,2019-10-20
US,coastal_island,train,pandemic_gap,2019-10-27
US,coastal_island,train,pandemic_gap,2019-11-03
US,coastal_island,train,pandemic_gap,2019-11-10
US,coastal_island,train,pandemic_gap,2019-11-17
US,coastal_island,train,pandemic_gap,2019-11-24
US,coastal_island,train,pandemic_gap,2019-12-01
US,coastal_island,train,pandemic_gap,2019-12-08
US,coastal_island,train,pandemic_gap,2019-12-15
US,coastal_island,train,pandemic_gap,2019-12-22
US,coastal_island,train,pandemic_gap,2023-01-01
US,coastal_island,train,pandemic_gap,2023-01-08
US,coastal_island,train,pandemic_gap,2023-01-15
US,coastal_island,train,pandemic_gap,2023-01-22
US,coastal_island,train,pandemic_gap,2023-01-29
US,coastal_island,train,pandemic_gap,2023-02-05
US,coastal_island,train,pandemic_gap,2023-02-12
US,coastal_island,train,pandemic_gap,2023-02-19
US,coastal_island,train,pandemic_gap,2023-02-26
US,coastal_island,train,pandemic_gap,2023-03-05
US,coastal_island,train,pandemic_gap,2023-03-12
US,coastal_island,train,pandemic_gap,2023-03-19
US,coastal_island,train,pandemic_gap,2023-03-26
US,coastal_island,train,pandemic_gap,2023-04-02
US,coastal_island,train,pandemic_gap,2023-04-09
US,coastal_island,train,pandemic_gap,2023-04-16
US,coastal_island,train,pandemic_gap,2023-04-23
US,coastal_island,train,pandemic_gap,2023-04-30
US,coastal_island,train,pandemic_gap,2023-05-07
US,coastal_island,train,pandemic_gap,2023-05-14
US,coastal_island,train,pandemic_gap,2023-05-21
US,coastal_island,train,pandemic_gap,2023-05-28
US,coastal_island,train,pandemic_gap,2023-06-04
US,coastal_island,train,pandemic_gap,2023-06-11
US,coastal_island,train,pandemic_gap,2023-06-18
US,coastal_island,train,pandemic_gap,2023-06-25
US,coastal_island,train,pandemic_gap,2023-07-02
US,coastal_island,train,pandemic_gap,2023-07-09
US,coastal_island,train,pandemic_gap,2023-07-16
US,coastal_island,train,pandemic_gap,2023-07-23
US,coastal_island,train,pandemic_gap,2023-07-30
US,coastal_island,train,pandemic_gap,2023-08-06
US,coastal_island,train,pandemic_gap,2023-08-13
US,coastal_island,train,pandemic_gap,2023-08-20
US,coastal_island,train,pandemic_gap,2023-08-27
US,coastal_island,train,pandemic_gap,2023-09-03
US,coastal_island,train,pandemic_gap,2023-09-10
US,coastal_island,train,pandemic_gap,2023-09-17
US,coastal_island,train,pandemic_gap,2023-09-24
US,coastal_island,train,pandemic_gap,2023-10-01
US,coastal_island,train,pandemic_gap,2023-10-08
US,coastal_island,train,pandemic_gap,2023-10-15
US,coastal_island,train,pandemic_gap,2023-10-22
US,coastal_island,train,pandemic_gap,2023-10-29
US,coastal_island,train,pandemic_gap,2023-11-05
US,coastal_island,train,pandemic_gap,2023-11-12
US,coastal_island,train,pandemic_gap,2023-11-19
US,coastal_island,train,pandemic_gap,2023-11-26
US,coastal_island,train,pandemic_gap,2023-12-03
US,coastal_island,train,pandemic_gap,2023-12-10
US,coastal_island,train,pandemic_gap,2023-12-17
US,coastal_island,train,target_crosses_split,2024-03-03
US,coastal_island,train,target_crosses_split,2024-03-10
US,coastal_island,train,target_crosses_split,2024-03-17
US,coastal_island,train,target_crosses_split,2024-03-24
US,coastal_island,train,target_crosses_split,2024-03-31
US,coastal_island,train,target_crosses_split,2024-04-07
US,coastal_island,train,target_crosses_split,2024-04-14
US,coastal_island,train,target_crosses_split,2024-04-21
US,coastal_island,train,target_crosses_split,2024-04-28
US,coastal_island,train,target_crosses_split,2024-05-05
US,coastal_island,train,target_crosses_split,2024-05-12
US,coastal_island,validation,target_crosses_split,2024-12-22
US,coastal_island,validation,target_crosses_split,2024-12-29
US,coastal_island,validation,target_crosses_split,2025-01-05
US,coastal_island,validation,target_crosses_split,2025-01-12
US,coastal_island,validation,target_crosses_split,2025-01-19
US,coastal_island,validation,target_crosses_split,2025-01-26
US,coastal_island,validation,target_crosses_split,2025-02-02
US,coastal_island,validation,target_crosses_split,2025-02-09
US,coastal_island,validation,target_crosses_split,2025-02-16
US,coastal_island,validation,target_crosses_split,2025-02-23
US,coastal_island,validation,target_crosses_split,2025-03-02
US,culinary_gastronomy,train,pandemic_gap,2019-10-06
US,culinary_gastronomy,train,pandemic_gap,2019-10-13
US,culinary_gastronomy,train,pandemic_gap,2019-10-20
US,culinary_gastronomy,train,pandemic_gap,2019-10-27
US,culinary_gastronomy,train,pandemic_gap,2019-11-03
US,culinary_gastronomy,train,pandemic_gap,2019-11-10
US,culinary_gastronomy,train,pandemic_gap,2019-11-17
US,culinary_gastronomy,train,pandemic_gap,2019-11-24
US,culinary_gastronomy,train,pandemic_gap,2019-12-01
US,culinary_gastronomy,train,pandemic_gap,2019-12-08
US,culinary_gastronomy,train,pandemic_gap,2019-12-15
US,culinary_gastronomy,train,pandemic_gap,2019-12-22
US,culinary_gastronomy,train,pandemic_gap,2023-01-01
US,culinary_gastronomy,train,pandemic_gap,2023-01-08
US,culinary_gastronomy,train,pandemic_gap,2023-01-15
US,culinary_gastronomy,train,pandemic_gap,2023-01-22
US,culinary_gastronomy,train,pandemic_gap,2023-01-29
US,culinary_gastronomy,train,pandemic_gap,2023-02-05
US,culinary_gastronomy,train,pandemic_gap,2023-02-12
US,culinary_gastronomy,train,pandemic_gap,2023-02-19
US,culinary_gastronomy,train,pandemic_gap,2023-02-26
US,culinary_gastronomy,train,pandemic_gap,2023-03-05
US,culinary_gastronomy,train,pandemic_gap,2023-03-12
US,culinary_gastronomy,train,pandemic_gap,2023-03-19
US,culinary_gastronomy,train,pandemic_gap,2023-03-26
US,culinary_gastronomy,train,pandemic_gap,2023-04-02
US,culinary_gastronomy,train,pandemic_gap,2023-04-09
US,culinary_gastronomy,train,pandemic_gap,2023-04-16
US,culinary_gastronomy,train,pandemic_gap,2023-04-23
US,culinary_gastronomy,train,pandemic_gap,2023-04-30
US,culinary_gastronomy,train,pandemic_gap,2023-05-07
US,culinary_gastronomy,train,pandemic_gap,2023-05-14
US,culinary_gastronomy,train,pandemic_gap,2023-05-21
US,culinary_gastronomy,train,pandemic_gap,2023-05-28
US,culinary_gastronomy,train,pandemic_gap,2023-06-04
US,culinary_gastronomy,train,pandemic_gap,2023-06-11
US,culinary_gastronomy,train,pandemic_gap,2023-06-18
US,culinary_gastronomy,train,pandemic_gap,2023-06-25
US,culinary_gastronomy,train,pandemic_gap,2023-07-02
US,culinary_gastronomy,train,pandemic_gap,2023-07-09
US,culinary_gastronomy,train,pandemic_gap,2023-07-16
US,culinary_gastronomy,train,pandemic_gap,2023-07-23
US,culinary_gastronomy,train,pandemic_gap,2023-07-30
US,culinary_gastronomy,train,pandemic_gap,2023-08-06
US,culinary_gastronomy,train,pandemic_gap,2023-08-13
US,culinary_gastronomy,train,pandemic_gap,2023-08-20
US,culinary_gastronomy,train,pandemic_gap,2023-08-27
US,culinary_gastronomy,train,pandemic_gap,2023-09-03
US,culinary_gastronomy,train,pandemic_gap,2023-09-10
US,culinary_gastronomy,train,pandemic_gap,2023-09-17
US,culinary_gastronomy,train,pandemic_gap,2023-09-24
US,culinary_gastronomy,train,pandemic_gap,2023-10-01
US,culinary_gastronomy,train,pandemic_gap,2023-10-08
US,culinary_gastronomy,train,pandemic_gap,2023-10-15
US,culinary_gastronomy,train,pandemic_gap,2023-10-22
US,culinary_gastronomy,train,pandemic_gap,2023-10-29
US,culinary_gastronomy,train,pandemic_gap,2023-11-05
US,culinary_gastronomy,train,pandemic_gap,2023-11-12
US,culinary_gastronomy,train,pandemic_gap,2023-11-19
US,culinary_gastronomy,train,pandemic_gap,2023-11-26
US,culinary_gastronomy,train,pandemic_gap,2023-12-03
US,culinary_gastronomy,train,pandemic_gap,2023-12-10
US,culinary_gastronomy,train,pandemic_gap,2023-12-17
US,culinary_gastronomy,train,target_crosses_split,2024-03-03
US,culinary_gastronomy,train,target_crosses_split,2024-03-10
US,culinary_gastronomy,train,target_crosses_split,2024-03-17
US,culinary_gastronomy,train,target_crosses_split,2024-03-24
US,culinary_gastronomy,train,target_crosses_split,2024-03-31
US,culinary_gastronomy,train,target_crosses_split,2024-04-07
US,culinary_gastronomy,train,target_crosses_split,2024-04-14
US,culinary_gastronomy,train,target_crosses_split,2024-04-21
US,culinary_gastronomy,train,target_crosses_split,2024-04-28
US,culinary_gastronomy,train,target_crosses_split,2024-05-05
US,culinary_gastronomy,train,target_crosses_split,2024-05-12
US,culinary_gastronomy,validation,target_crosses_split,2024-12-22
US,culinary_gastronomy,validation,target_crosses_split,2024-12-29
US,culinary_gastronomy,validation,target_crosses_split,2025-01-05
US,culinary_gastronomy,validation,target_crosses_split,2025-01-12
US,culinary_gastronomy,validation,target_crosses_split,2025-01-19
US,culinary_gastronomy,validation,target_crosses_split,2025-01-26
US,culinary_gastronomy,validation,target_crosses_split,2025-02-02
US,culinary_gastronomy,validation,target_crosses_split,2025-02-09
US,culinary_gastronomy,validation,target_crosses_split,2025-02-16
US,culinary_gastronomy,validation,target_crosses_split,2025-02-23
US,culinary_gastronomy,validation,target_crosses_split,2025-03-02
US,cultural_heritage,train,pandemic_gap,2019-10-06
US,cultural_heritage,train,pandemic_gap,2019-10-13
US,cultural_heritage,train,pandemic_gap,2019-10-20
US,cultural_heritage,train,pandemic_gap,2019-10-27
US,cultural_heritage,train,pandemic_gap,2019-11-03
US,cultural_heritage,train,pandemic_gap,2019-11-10
US,cultural_heritage,train,pandemic_gap,2019-11-17
US,cultural_heritage,train,pandemic_gap,2019-11-24
US,cultural_heritage,train,pandemic_gap,2019-12-01
US,cultural_heritage,train,pandemic_gap,2019-12-08
US,cultural_heritage,train,pandemic_gap,2019-12-15
US,cultural_heritage,train,pandemic_gap,2019-12-22
US,cultural_heritage,train,pandemic_gap,2023-01-01
US,cultural_heritage,train,pandemic_gap,2023-01-08
US,cultural_heritage,train,pandemic_gap,2023-01-15
US,cultural_heritage,train,pandemic_gap,2023-01-22
US,cultural_heritage,train,pandemic_gap,2023-01-29
US,cultural_heritage,train,pandemic_gap,2023-02-05
US,cultural_heritage,train,pandemic_gap,2023-02-12
US,cultural_heritage,train,pandemic_gap,2023-02-19
US,cultural_heritage,train,pandemic_gap,2023-02-26
US,cultural_heritage,train,pandemic_gap,2023-03-05
US,cultural_heritage,train,pandemic_gap,2023-03-12
US,cultural_heritage,train,pandemic_gap,2023-03-19
US,cultural_heritage,train,pandemic_gap,2023-03-26
US,cultural_heritage,train,pandemic_gap,2023-04-02
US,cultural_heritage,train,pandemic_gap,2023-04-09
US,cultural_heritage,train,pandemic_gap,2023-04-16
US,cultural_heritage,train,pandemic_gap,2023-04-23
US,cultural_heritage,train,pandemic_gap,2023-04-30
US,cultural_heritage,train,pandemic_gap,2023-05-07
US,cultural_heritage,train,pandemic_gap,2023-05-14
US,cultural_heritage,train,pandemic_gap,2023-05-21
US,cultural_heritage,train,pandemic_gap,2023-05-28
US,cultural_heritage,train,pandemic_gap,2023-06-04
US,cultural_heritage,train,pandemic_gap,2023-06-11
US,cultural_heritage,train,pandemic_gap,2023-06-18
US,cultural_heritage,train,pandemic_gap,2023-06-25
US,cultural_heritage,train,pandemic_gap,2023-07-02
US,cultural_heritage,train,pandemic_gap,2023-07-09
US,cultural_heritage,train,pandemic_gap,2023-07-16
US,cultural_heritage,train,pandemic_gap,2023-07-23
US,cultural_heritage,train,pandemic_gap,2023-07-30
US,cultural_heritage,train,pandemic_gap,2023-08-06
US,cultural_heritage,train,pandemic_gap,2023-08-13
US,cultural_heritage,train,pandemic_gap,2023-08-20
US,cultural_heritage,train,pandemic_gap,2023-08-27
US,cultural_heritage,train,pandemic_gap,2023-09-03
US,cultural_heritage,train,pandemic_gap,2023-09-10
US,cultural_heritage,train,pandemic_gap,2023-09-17
US,cultural_heritage,train,pandemic_gap,2023-09-24
US,cultural_heritage,train,pandemic_gap,2023-10-01
US,cultural_heritage,train,pandemic_gap,2023-10-08
US,cultural_heritage,train,pandemic_gap,2023-10-15
US,cultural_heritage,train,pandemic_gap,2023-10-22
US,cultural_heritage,train,pandemic_gap,2023-10-29
US,cultural_heritage,train,pandemic_gap,2023-11-05
US,cultural_heritage,train,pandemic_gap,2023-11-12
US,cultural_heritage,train,pandemic_gap,2023-11-19
US,cultural_heritage,train,pandemic_gap,2023-11-26
US,cultural_heritage,train,pandemic_gap,2023-12-03
US,cultural_heritage,train,pandemic_gap,2023-12-10
US,cultural_heritage,train,pandemic_gap,2023-12-17
US,cultural_heritage,train,target_crosses_split,2024-03-03
US,cultural_heritage,train,target_crosses_split,2024-03-10
US,cultural_heritage,train,target_crosses_split,2024-03-17
US,cultural_heritage,train,target_crosses_split,2024-03-24
US,cultural_heritage,train,target_crosses_split,2024-03-31
US,cultural_heritage,train,target_crosses_split,2024-04-07
US,cultural_heritage,train,target_crosses_split,2024-04-14
US,cultural_heritage,train,target_crosses_split,2024-04-21
US,cultural_heritage,train,target_crosses_split,2024-04-28
US,cultural_heritage,train,target_crosses_split,2024-05-05
US,cultural_heritage,train,target_crosses_split,2024-05-12
US,cultural_heritage,validation,target_crosses_split,2024-12-22
US,cultural_heritage,validation,target_crosses_split,2024-12-29
US,cultural_heritage,validation,target_crosses_split,2025-01-05
US,cultural_heritage,validation,target_crosses_split,2025-01-12
US,cultural_heritage,validation,target_crosses_split,2025-01-19
US,cultural_heritage,validation,target_crosses_split,2025-01-26
US,cultural_heritage,validation,target_crosses_split,2025-02-02
US,cultural_heritage,validation,target_crosses_split,2025-02-09
US,cultural_heritage,validation,target_crosses_split,2025-02-16
US,cultural_heritage,validation,target_crosses_split,2025-02-23
US,cultural_heritage,validation,target_crosses_split,2025-03-02
US,theme_parks_entertainment,train,pandemic_gap,2019-10-06
US,theme_parks_entertainment,train,pandemic_gap,2019-10-13
US,theme_parks_entertainment,train,pandemic_gap,2019-10-20
US,theme_parks_entertainment,train,pandemic_gap,2019-10-27
US,theme_parks_entertainment,train,pandemic_gap,2019-11-03
US,theme_parks_entertainment,train,pandemic_gap,2019-11-10
US,theme_parks_entertainment,train,pandemic_gap,2019-11-17
US,theme_parks_entertainment,train,pandemic_gap,2019-11-24
US,theme_parks_entertainment,train,pandemic_gap,2019-12-01
US,theme_parks_entertainment,train,pandemic_gap,2019-12-08
US,theme_parks_entertainment,train,pandemic_gap,2019-12-15
US,theme_parks_entertainment,train,pandemic_gap,2019-12-22
US,theme_parks_entertainment,train,pandemic_gap,2023-01-01
US,theme_parks_entertainment,train,pandemic_gap,2023-01-08
US,theme_parks_entertainment,train,pandemic_gap,2023-01-15
US,theme_parks_entertainment,train,pandemic_gap,2023-01-22
US,theme_parks_entertainment,train,pandemic_gap,2023-01-29
US,theme_parks_entertainment,train,pandemic_gap,2023-02-05
US,theme_parks_entertainment,train,pandemic_gap,2023-02-12
US,theme_parks_entertainment,train,pandemic_gap,2023-02-19
US,theme_parks_entertainment,train,pandemic_gap,2023-02-26
US,theme_parks_entertainment,train,pandemic_gap,2023-03-05
US,theme_parks_entertainment,train,pandemic_gap,2023-03-12
US,theme_parks_entertainment,train,pandemic_gap,2023-03-19
US,theme_parks_entertainment,train,pandemic_gap,2023-03-26
US,theme_parks_entertainment,train,pandemic_gap,2023-04-02
US,theme_parks_entertainment,train,pandemic_gap,2023-04-09
US,theme_parks_entertainment,train,pandemic_gap,2023-04-16
US,theme_parks_entertainment,train,pandemic_gap,2023-04-23
US,theme_parks_entertainment,train,pandemic_gap,2023-04-30
US,theme_parks_entertainment,train,pandemic_gap,2023-05-07
US,theme_parks_entertainment,train,pandemic_gap,2023-05-14
US,theme_parks_entertainment,train,pandemic_gap,2023-05-21
US,theme_parks_entertainment,train,pandemic_gap,2023-05-28
US,theme_parks_entertainment,train,pandemic_gap,2023-06-04
US,theme_parks_entertainment,train,pandemic_gap,2023-06-11
US,theme_parks_entertainment,train,pandemic_gap,2023-06-18
US,theme_parks_entertainment,train,pandemic_gap,2023-06-25
US,theme_parks_entertainment,train,pandemic_gap,2023-07-02
US,theme_parks_entertainment,train,pandemic_gap,2023-07-09
US,theme_parks_entertainment,train,pandemic_gap,2023-07-16
US,theme_parks_entertainment,train,pandemic_gap,2023-07-23
US,theme_parks_entertainment,train,pandemic_gap,2023-07-30
US,theme_parks_entertainment,train,pandemic_gap,2023-08-06
US,theme_parks_entertainment,train,pandemic_gap,2023-08-13
US,theme_parks_entertainment,train,pandemic_gap,2023-08-20
US,theme_parks_entertainment,train,pandemic_gap,2023-08-27
US,theme_parks_entertainment,train,pandemic_gap,2023-09-03
US,theme_parks_entertainment,train,pandemic_gap,2023-09-10
US,theme_parks_entertainment,train,pandemic_gap,2023-09-17
US,theme_parks_entertainment,train,pandemic_gap,2023-09-24
US,theme_parks_entertainment,train,pandemic_gap,2023-10-01
US,theme_parks_entertainment,train,pandemic_gap,2023-10-08
US,theme_parks_entertainment,train,pandemic_gap,2023-10-15
US,theme_parks_entertainment,train,pandemic_gap,2023-10-22
US,theme_parks_entertainment,train,pandemic_gap,2023-10-29
US,theme_parks_entertainment,train,pandemic_gap,2023-11-05
US,theme_parks_entertainment,train,pandemic_gap,2023-11-12
US,theme_parks_entertainment,train,pandemic_gap,2023-11-19
US,theme_parks_entertainment,train,pandemic_gap,2023-11-26
US,theme_parks_entertainment,train,pandemic_gap,2023-12-03
US,theme_parks_entertainment,train,pandemic_gap,2023-12-10
US,theme_parks_entertainment,train,pandemic_gap,2023-12-17
US,theme_parks_entertainment,train,target_crosses_split,2024-03-03
US,theme_parks_entertainment,train,target_crosses_split,2024-03-10
US,theme_parks_entertainment,train,target_crosses_split,2024-03-17
US,theme_parks_entertainment,train,target_crosses_split,2024-03-24
US,theme_parks_entertainment,train,target_crosses_split,2024-03-31
US,theme_parks_entertainment,train,target_crosses_split,2024-04-07
US,theme_parks_entertainment,train,target_crosses_split,2024-04-14
US,theme_parks_entertainment,train,target_crosses_split,2024-04-21
US,theme_parks_entertainment,train,target_crosses_split,2024-04-28
US,theme_parks_entertainment,train,target_crosses_split,2024-05-05
US,theme_parks_entertainment,train,target_crosses_split,2024-05-12
US,theme_parks_entertainment,validation,target_crosses_split,2024-12-22
US,theme_parks_entertainment,validation,target_crosses_split,2024-12-29
US,theme_parks_entertainment,validation,target_crosses_split,2025-01-05
US,theme_parks_entertainment,validation,target_crosses_split,2025-01-12
US,theme_parks_entertainment,validation,target_crosses_split,2025-01-19
US,theme_parks_entertainment,validation,target_crosses_split,2025-01-26
US,theme_parks_entertainment,validation,target_crosses_split,2025-02-02
US,theme_parks_entertainment,validation,target_crosses_split,2025-02-09
US,theme_parks_entertainment,validation,target_crosses_split,2025-02-16
US,theme_parks_entertainment,validation,target_crosses_split,2025-02-23
US,theme_parks_entertainment,validation,target_crosses_split,2025-03-02
US,urban_city,train,pandemic_gap,2019-10-06
US,urban_city,train,pandemic_gap,2019-10-13
US,urban_city,train,pandemic_gap,2019-10-20
US,urban_city,train,pandemic_gap,2019-10-27
US,urban_city,train,pandemic_gap,2019-11-03
US,urban_city,train,pandemic_gap,2019-11-10
US,urban_city,train,pandemic_gap,2019-11-17
US,urban_city,train,pandemic_gap,2019-11-24
US,urban_city,train,pandemic_gap,2019-12-01
US,urban_city,train,pandemic_gap,2019-12-08
US,urban_city,train,pandemic_gap,2019-12-15
US,urban_city,train,pandemic_gap,2019-12-22
US,urban_city,train,pandemic_gap,2023-01-01
US,urban_city,train,pandemic_gap,2023-01-08
US,urban_city,train,pandemic_gap,2023-01-15
US,urban_city,train,pandemic_gap,2023-01-22
US,urban_city,train,pandemic_gap,2023-01-29
US,urban_city,train,pandemic_gap,2023-02-05
US,urban_city,train,pandemic_gap,2023-02-12
US,urban_city,train,pandemic_gap,2023-02-19
US,urban_city,train,pandemic_gap,2023-02-26
US,urban_city,train,pandemic_gap,2023-03-05
US,urban_city,train,pandemic_gap,2023-03-12
US,urban_city,train,pandemic_gap,2023-03-19
US,urban_city,train,pandemic_gap,2023-03-26
US,urban_city,train,pandemic_gap,2023-04-02
US,urban_city,train,pandemic_gap,2023-04-09
US,urban_city,train,pandemic_gap,2023-04-16
US,urban_city,train,pandemic_gap,2023-04-23
US,urban_city,train,pandemic_gap,2023-04-30
US,urban_city,train,pandemic_gap,2023-05-07
US,urban_city,train,pandemic_gap,2023-05-14
US,urban_city,train,pandemic_gap,2023-05-21
US,urban_city,train,pandemic_gap,2023-05-28
US,urban_city,train,pandemic_gap,2023-06-04
US,urban_city,train,pandemic_gap,2023-06-11
US,urban_city,train,pandemic_gap,2023-06-18
US,urban_city,train,pandemic_gap,2023-06-25
US,urban_city,train,pandemic_gap,2023-07-02
US,urban_city,train,pandemic_gap,2023-07-09
US,urban_city,train,pandemic_gap,2023-07-16
US,urban_city,train,pandemic_gap,2023-07-23
US,urban_city,train,pandemic_gap,2023-07-30
US,urban_city,train,pandemic_gap,2023-08-06
US,urban_city,train,pandemic_gap,2023-08-13
US,urban_city,train,pandemic_gap,2023-08-20
US,urban_city,train,pandemic_gap,2023-08-27
US,urban_city,train,pandemic_gap,2023-09-03
US,urban_city,train,pandemic_gap,2023-09-10
US,urban_city,train,pandemic_gap,2023-09-17
US,urban_city,train,pandemic_gap,2023-09-24
US,urban_city,train,pandemic_gap,2023-10-01
US,urban_city,train,pandemic_gap,2023-10-08
US,urban_city,train,pandemic_gap,2023-10-15
US,urban_city,train,pandemic_gap,2023-10-22
US,urban_city,train,pandemic_gap,2023-10-29
US,urban_city,train,pandemic_gap,2023-11-05
US,urban_city,train,pandemic_gap,2023-11-12
US,urban_city,train,pandemic_gap,2023-11-19
US,urban_city,train,pandemic_gap,2023-11-26
US,urban_city,train,pandemic_gap,2023-12-03
US,urban_city,train,pandemic_gap,2023-12-10
US,urban_city,train,pandemic_gap,2023-12-17
US,urban_city,train,target_crosses_split,2024-03-03
US,urban_city,train,target_crosses_split,2024-03-10
US,urban_city,train,target_crosses_split,2024-03-17
US,urban_city,train,target_crosses_split,2024-03-24
US,urban_city,train,target_crosses_split,2024-03-31
US,urban_city,train,target_crosses_split,2024-04-07
US,urban_city,train,target_crosses_split,2024-04-14
US,urban_city,train,target_crosses_split,2024-04-21
US,urban_city,train,target_crosses_split,2024-04-28
US,urban_city,train,target_crosses_split,2024-05-05
US,urban_city,train,target_crosses_split,2024-05-12
US,urban_city,validation,target_crosses_split,2024-12-22
US,urban_city,validation,target_crosses_split,2024-12-29
US,urban_city,validation,target_crosses_split,2025-01-05
US,urban_city,validation,target_crosses_split,2025-01-12
US,urban_city,validation,target_crosses_split,2025-01-19
US,urban_city,validation,target_crosses_split,2025-01-26
US,urban_city,validation,target_crosses_split,2025-02-02
US,urban_city,validation,target_crosses_split,2025-02-09
US,urban_city,validation,target_crosses_split,2025-02-16
US,urban_city,validation,target_crosses_split,2025-02-23
US,urban_city,validation,target_crosses_split,2025-03-02
