date,market,accommodation_staycation,adventure_nature,coastal_island,culinary_gastronomy,cultural_heritage,theme_parks_entertainment,urban_city
2014-12-28,KR,54.9,49.7,36.67,47.22,55.6,41.2,62.45
2015-01-04,KR,40.0,49.1,34.33,52.0,51.4,45.0,58.36
2015-01-11,KR,48.1,47.2,34.22,44.89,52.5,40.7,55.91
2015-01-18,KR,40.2,49.1,35.22,41.0,54.3,45.3,60.09
2015-01-25,KR,39.5,50.7,39.56,43.44,50.0,38.5,56.0
2015-02-01,KR,41.4,48.1,34.78,35.33,54.0,43.8,56.45
2015-02-08,KR,36.5,44.5,35.22,38.44,46.5,39.7,55.09
2015-02-15,KR,46.3,49.5,37.11,39.78,48.4,43.9,58.09
2015-02-22,KR,34.5,46.1,34.67,38.56,50.4,40.9,54.09
2015-03-01,KR,39.7,48.7,31.33,49.0,49.4,34.1,57.55
2015-03-08,KR,33.6,49.9,31.0,47.33,50.6,41.4,61.55
2015-03-15,KR,33.2,54.6,29.11,43.89,48.0,40.9,69.09
2015-03-22,KR,39.9,56.0,33.33,42.44,48.3,44.3,60.45
2015-03-29,KR,32.9,55.3,31.67,46.89,49.7,46.7,66.64
2015-04-05,KR,33.3,53.7,33.0,42.0,50.0,47.5,55.18
2015-04-12,KR,34.8,54.8,35.33,56.44,48.1,43.5,53.73
2015-04-19,KR,36.7,58.3,35.89,61.0,47.0,42.0,56.91
2015-04-26,KR,47.6,61.5,39.78,60.67,47.3,45.2,55.82
2015-05-03,KR,44.5,64.9,50.78,46.33,48.7,48.0,59.55
2015-05-10,KR,51.8,60.9,45.22,46.33,46.6,46.3,56.55
2015-05-17,KR,56.0,63.0,38.67,41.33,47.3,50.1,60.27
2015-05-24,KR,49.5,61.4,40.22,41.56,48.5,46.5,55.64
2015-05-31,KR,39.1,54.7,39.78,38.67,45.5,39.6,53.55
2015-06-07,KR,32.7,53.8,41.11,37.56,44.1,40.8,52.82
2015-06-14,KR,40.2,54.8,39.89,38.44,39.2,36.3,53.09
2015-06-21,KR,43.6,57.4,39.44,40.44,42.2,37.3,55.27
2015-06-28,KR,53.5,56.9,46.22,36.67,38.0,44.5,60.0
2015-07-05,KR,54.7,54.1,46.78,41.11,39.6,54.5,55.45
2015-07-12,KR,65.9,57.7,43.44,39.11,40.7,46.4,56.64
2015-07-19,KR,58.3,57.6,52.0,44.78,40.4,46.9,55.73
2015-07-26,KR,90.1,66.0,54.89,45.33,44.8,48.9,56.91
2015-08-02,KR,76.9,73.7,58.22,42.11,44.4,50.0,57.64
2015-08-09,KR,71.4,62.0,48.56,44.0,47.9,61.2,58.55
2015-08-16,KR,61.8,53.8,47.56,39.78,46.2,62.3,57.82
2015-08-23,KR,43.6,57.1,42.56,44.11,44.4,51.1,58.73
2015-08-30,KR,46.5,52.1,38.67,37.22,45.6,43.7,59.64
2015-09-06,KR,35.0,52.0,35.44,35.33,44.7,40.8,60.55
2015-09-13,KR,37.6,52.0,34.44,43.22,51.2,41.4,54.64
2015-09-20,KR,40.3,46.6,33.44,43.0,43.0,40.6,53.45
2015-09-27,KR,37.1,54.8,33.33,46.89,49.9,51.6,58.09
2015-10-04,KR,46.1,53.4,36.44,35.44,48.2,47.8,56.73
2015-10-11,KR,38.8,56.4,38.67,31.44,51.7,43.4,59.0
2015-10-18,KR,33.5,57.8,41.56,44.89,49.8,42.4,52.55
2015-10-25,KR,44.7,56.8,41.67,34.22,44.8,42.1,52.91
2015-11-01,KR,45.3,55.5,37.67,35.78,48.6,45.1,55.91
2015-11-08,KR,34.8,43.6,38.11,43.89,53.4,38.3,56.91
2015-11-15,KR,31.1,50.8,38.0,50.11,45.4,38.6,56.36
2015-11-22,KR,34.7,41.3,35.22,42.11,45.8,31.9,55.64
2015-11-29,KR,35.3,40.2,32.67,45.22,46.5,33.9,54.09
2015-12-06,KR,33.1,42.4,39.33,46.22,46.2,40.8,54.91
2015-12-13,KR,36.8,52.1,33.33,40.67,51.6,41.0,57.18
2015-12-20,KR,37.1,39.6,36.11,48.44,53.9,45.5,62.45
2015-12-27,KR,37.8,45.9,36.44,41.44,50.8,43.6,56.55
2016-01-03,KR,36.7,46.1,32.0,37.78,43.0,35.1,51.36
2016-01-10,KR,34.4,46.8,32.44,36.0,42.0,41.0,50.36
2016-01-17,KR,43.9,50.6,30.22,33.22,48.2,39.8,50.27
2016-01-24,KR,29.7,44.1,34.0,32.67,46.3,36.0,51.0
2016-01-31,KR,34.5,45.8,32.22,33.22,40.7,37.9,51.91
2016-02-07,KR,33.6,48.1,32.67,41.0,45.1,42.3,54.0
2016-02-14,KR,36.4,41.4,33.0,37.0,42.6,37.7,51.55
2016-02-21,KR,30.2,50.0,33.22,31.67,41.4,38.8,54.55
2016-02-28,KR,32.5,47.5,32.44,41.44,44.2,34.1,51.36
2016-03-06,KR,36.5,43.5,30.67,32.56,44.9,36.4,50.91
2016-03-13,KR,28.4,47.8,31.89,34.44,46.6,33.5,51.18
2016-03-20,KR,33.5,49.7,29.33,34.11,53.5,35.4,51.27
2016-03-27,KR,34.3,54.3,34.0,32.67,44.9,38.4,51.18
2016-04-03,KR,42.1,50.6,36.11,34.67,42.2,38.3,48.73
2016-04-10,KR,33.2,50.2,38.0,34.22,40.9,36.6,48.82
2016-04-17,KR,48.1,51.7,33.33,34.67,42.2,37.5,52.18
2016-04-24,KR,40.3,55.5,37.56,31.89,44.4,46.5,51.36
2016-05-01,KR,40.3,53.8,36.33,39.78,44.3,45.6,57.0
2016-05-08,KR,43.4,53.7,34.0,42.44,40.8,42.1,54.18
2016-05-15,KR,43.0,53.6,36.11,40.56,41.7,39.4,52.18
2016-05-22,KR,44.0,51.1,37.0,46.67,43.1,34.4,56.0
2016-05-29,KR,47.7,55.5,39.22,31.78,51.6,35.2,57.18
2016-06-05,KR,44.9,55.4,46.56,31.89,48.8,39.5,58.36
2016-06-12,KR,44.2,49.9,43.56,41.67,48.9,39.5,60.27
2016-06-19,KR,54.3,50.5,43.67,31.78,43.2,38.3,51.45
2016-06-26,KR,50.1,49.0,39.89,35.22,43.2,39.1,55.09
2016-07-03,KR,56.0,53.9,55.0,34.56,41.7,42.3,55.64
2016-07-10,KR,52.5,46.7,54.89,31.89,40.7,36.3,54.36
2016-07-17,KR,56.1,53.3,49.44,32.56,42.8,41.3,56.73
2016-07-24,KR,67.1,57.3,52.33,33.89,41.4,49.9,62.82
2016-07-31,KR,68.6,62.5,56.33,38.33,43.9,48.3,62.45
2016-08-07,KR,58.3,51.8,49.67,32.89,39.0,43.4,51.64
2016-08-14,KR,51.7,52.7,60.22,41.11,42.7,42.0,58.73
2016-08-21,KR,43.1,45.6,44.67,35.89,41.4,39.5,56.36
2016-08-28,KR,46.3,45.9,38.67,43.22,41.9,36.0,58.64
2016-09-04,KR,39.4,50.2,33.22,30.56,42.6,37.0,54.45
2016-09-11,KR,43.1,49.8,33.89,31.56,43.5,37.9,60.64
2016-09-18,KR,36.3,52.2,36.22,30.78,44.5,34.5,58.73
2016-09-25,KR,46.5,47.5,40.11,37.0,45.1,42.0,61.09
2016-10-02,KR,40.4,49.7,37.89,33.33,51.0,48.0,63.55
2016-10-09,KR,41.9,50.2,30.89,43.78,49.4,35.8,61.27
2016-10-16,KR,39.8,53.6,31.78,42.0,45.5,36.5,61.36
2016-10-23,KR,38.5,46.7,28.33,40.44,47.7,33.1,61.09
2016-10-30,KR,42.3,46.2,29.56,28.22,50.1,35.9,58.27
2016-11-06,KR,32.1,42.6,31.22,35.11,46.0,34.8,55.45
2016-11-13,KR,39.4,39.2,31.89,38.0,44.8,35.9,54.0
2016-11-20,KR,35.6,39.4,31.78,41.33,46.4,37.1,54.0
2016-11-27,KR,40.0,38.0,32.67,36.89,46.4,37.6,59.64
2016-12-04,KR,37.6,36.6,29.78,40.67,44.0,38.3,58.45
2016-12-11,KR,42.2,35.4,32.56,51.44,41.5,35.3,51.73
2016-12-18,KR,37.7,35.2,28.56,44.11,42.7,32.5,52.82
2016-12-25,KR,38.6,40.0,30.33,54.44,45.8,39.8,54.18
2017-01-01,KR,35.7,34.5,32.56,50.11,63.5,40.8,58.18
2017-01-08,KR,35.6,32.3,38.33,46.56,57.8,38.5,57.45
2017-01-15,KR,33.2,31.6,34.89,36.22,60.3,42.9,57.45
2017-01-22,KR,31.0,28.9,34.44,36.11,57.9,35.9,56.36
2017-01-29,KR,38.0,34.8,38.11,34.44,56.0,38.1,60.55
2017-02-05,KR,37.5,30.4,36.56,39.22,55.0,41.0,57.18
2017-02-12,KR,34.5,32.7,34.89,41.0,54.5,39.1,57.0
2017-02-19,KR,33.0,34.6,35.44,46.22,47.5,36.1,55.82
2017-02-26,KR,30.0,34.4,33.89,43.22,54.4,42.7,56.64
2017-03-05,KR,35.1,39.3,31.33,42.22,55.1,41.8,54.18
2017-03-12,KR,34.4,33.6,35.22,38.33,54.7,31.8,55.18
2017-03-19,KR,32.5,40.0,38.89,34.33,56.5,37.8,60.91
2017-03-26,KR,33.9,39.6,38.44,47.0,53.3,44.4,55.73
2017-04-02,KR,40.2,41.6,44.33,37.0,62.4,47.4,59.18
2017-04-09,KR,41.1,39.5,38.33,46.78,56.5,45.4,55.09
2017-04-16,KR,51.5,40.0,40.44,36.22,56.5,46.9,57.18
2017-04-23,KR,50.2,46.3,45.11,43.33,58.2,40.0,56.09
2017-04-30,KR,62.1,53.5,46.0,40.89,69.0,46.7,64.0
2017-05-07,KR,37.8,42.8,44.56,55.56,56.1,43.8,60.64
2017-05-14,KR,40.3,44.7,44.67,54.78,64.5,46.0,62.36
2017-05-21,KR,48.7,41.0,42.78,43.44,57.7,42.5,64.55
2017-05-28,KR,50.2,47.7,46.22,49.11,57.2,41.4,63.36
2017-06-04,KR,45.8,44.3,48.44,36.89,56.4,44.7,60.09
2017-06-11,KR,43.9,48.0,48.56,45.44,51.4,46.0,59.91
2017-06-18,KR,54.0,49.6,57.89,40.0,55.5,49.8,60.0
2017-06-25,KR,55.0,45.0,45.0,45.56,48.3,47.0,62.27
2017-07-02,KR,58.5,48.3,46.44,52.11,47.3,50.2,62.09
2017-07-09,KR,63.0,48.0,52.67,43.56,52.3,49.7,64.55
2017-07-16,KR,64.2,43.6,58.78,47.44,56.8,47.7,62.64
2017-07-23,KR,71.3,46.8,70.22,49.67,53.3,55.1,58.73
2017-07-30,KR,75.5,56.0,65.78,45.78,59.9,58.9,64.82
2017-08-06,KR,59.3,48.1,64.22,39.67,55.5,53.0,61.45
2017-08-13,KR,52.2,45.6,62.44,50.78,62.2,49.1,64.18
2017-08-20,KR,46.8,44.1,49.44,57.78,58.0,39.5,63.36
2017-08-27,KR,45.0,56.3,45.44,41.89,54.2,41.9,57.82
2017-09-03,KR,47.0,43.7,41.89,45.56,59.0,39.7,64.45
2017-09-10,KR,46.9,45.6,45.33,46.56,59.8,43.4,66.91
2017-09-17,KR,41.9,43.7,46.78,50.22,61.2,45.5,65.18
2017-09-24,KR,42.6,38.2,40.11,54.11,58.6,42.0,60.45
2017-10-01,KR,54.3,55.4,42.89,52.78,65.2,51.2,68.82
2017-10-08,KR,38.4,44.5,54.56,51.0,63.4,43.5,66.18
2017-10-15,KR,40.8,43.9,44.22,51.67,60.2,42.9,62.64
2017-10-22,KR,38.4,46.2,43.11,54.67,56.5,46.1,60.73
2017-10-29,KR,39.8,39.9,37.56,51.78,58.5,41.3,62.36
2017-11-05,KR,38.9,38.3,40.78,62.44,57.4,46.7,61.91
2017-11-12,KR,39.8,33.8,36.33,46.22,55.1,45.7,59.18
2017-11-19,KR,40.0,30.7,37.44,52.78,51.4,40.7,59.55
2017-11-26,KR,40.7,30.0,37.56,47.11,55.9,41.6,60.91
2017-12-03,KR,38.8,30.5,35.89,59.44,56.0,38.9,60.18
2017-12-10,KR,38.6,30.6,38.0,46.67,54.4,36.6,62.09
2017-12-17,KR,42.7,27.8,35.33,53.67,59.7,43.7,68.91
2017-12-24,KR,39.3,32.8,41.11,55.11,57.8,40.4,68.36
2017-12-31,KR,38.3,34.4,39.89,43.22,56.8,49.2,68.36
2018-01-07,KR,37.2,31.3,36.0,45.56,52.8,49.8,60.0
2018-01-14,KR,36.6,31.5,35.22,52.56,54.6,50.6,58.0
2018-01-21,KR,35.2,30.9,36.56,41.11,53.4,46.7,54.91
2018-01-28,KR,35.7,30.3,41.11,54.22,58.3,46.5,57.91
2018-02-04,KR,34.7,32.3,35.67,51.0,60.9,42.7,57.18
2018-02-11,KR,45.4,31.2,37.78,50.56,53.6,44.6,57.36
2018-02-18,KR,37.2,31.4,36.56,45.0,54.2,40.3,59.27
2018-02-25,KR,35.7,36.3,38.56,46.0,47.2,42.8,56.18
2018-03-04,KR,33.8,35.5,36.11,49.11,53.6,41.5,54.91
2018-03-11,KR,33.4,37.3,38.33,46.89,55.3,44.6,58.45
2018-03-18,KR,36.0,37.2,39.56,45.33,55.6,44.6,59.36
2018-03-25,KR,37.0,37.6,39.67,47.89,56.6,45.8,56.45
2018-04-01,KR,39.1,36.9,36.67,49.78,56.3,41.6,57.91
2018-04-08,KR,38.1,41.1,36.44,51.33,58.7,44.5,59.09
2018-04-15,KR,38.0,40.6,36.56,43.67,57.1,41.9,56.64
2018-04-22,KR,46.5,45.9,39.33,46.11,61.0,46.7,57.73
2018-04-29,KR,43.7,44.2,41.89,50.44,58.4,52.0,59.82
2018-05-06,KR,40.4,39.0,38.11,62.22,58.1,43.1,59.45
2018-05-13,KR,45.1,39.2,53.11,58.78,59.7,44.6,58.18
2018-05-20,KR,43.5,48.8,41.44,58.89,59.2,47.1,62.18
2018-05-27,KR,47.6,47.3,57.67,55.89,59.7,48.1,65.73
2018-06-03,KR,50.0,44.9,45.89,49.44,56.9,50.1,61.36
2018-06-10,KR,44.0,48.4,44.44,55.44,50.3,45.3,62.45
2018-06-17,KR,48.2,40.8,46.44,43.22,57.1,42.8,63.0
2018-06-24,KR,50.0,39.5,43.44,46.67,53.7,43.6,60.55
2018-07-01,KR,52.1,43.8,48.67,53.22,54.2,40.3,61.73
2018-07-08,KR,56.9,50.8,59.44,57.0,56.8,48.3,64.0
2018-07-15,KR,60.9,44.9,55.89,49.11,54.5,49.4,64.0
2018-07-22,KR,63.1,43.3,53.22,58.22,54.9,47.1,63.45
2018-07-29,KR,70.2,50.7,62.33,56.0,59.8,55.1,69.64
2018-08-05,KR,59.8,44.8,56.44,46.33,54.9,48.1,66.55
2018-08-12,KR,55.1,44.4,61.22,64.89,59.3,52.9,67.27
2018-08-19,KR,48.0,40.5,47.89,69.44,53.5,46.8,61.64
2018-08-26,KR,42.7,32.2,42.44,51.67,52.5,41.0,58.73
2018-09-02,KR,38.6,36.3,41.56,62.0,57.9,43.1,62.45
2018-09-09,KR,35.6,41.2,40.0,49.33,59.0,42.9,59.82
2018-09-16,KR,41.2,39.9,38.78,49.22,54.3,44.7,62.45
2018-09-23,KR,40.7,48.4,42.78,43.22,58.8,47.5,65.73
2018-09-30,KR,42.3,40.8,36.22,50.0,63.4,46.4,62.45
2018-10-07,KR,42.4,46.2,35.78,51.89,63.2,40.7,61.73
2018-10-14,KR,40.8,42.9,35.11,48.44,58.7,39.7,60.64
2018-10-21,KR,37.1,38.5,41.44,49.11,59.9,38.6,59.09
2018-10-28,KR,39.7,40.3,45.22,54.67,52.4,40.1,63.27
2018-11-04,KR,38.8,39.6,36.33,50.0,54.3,36.4,61.18
2018-11-11,KR,39.9,38.0,39.89,51.89,52.1,36.7,62.64
2018-11-18,KR,40.1,38.0,41.89,51.33,51.9,35.9,60.91
2018-11-25,KR,38.9,38.5,49.89,45.56,53.6,33.9,62.09
2018-12-02,KR,37.8,35.9,43.56,52.67,54.1,35.7,64.36
2018-12-09,KR,39.2,35.5,43.78,53.56,54.4,36.9,61.64
2018-12-16,KR,46.9,35.3,38.89,56.67,55.6,34.6,65.55
2018-12-23,KR,46.8,31.5,42.56,59.33,60.5,37.8,72.27
2018-12-30,KR,43.3,35.2,41.22,50.89,56.4,41.3,67.0
2019-01-06,KR,38.44,47.4,34.33,52.33,54.9,43.3,50.18
2019-01-13,KR,38.44,44.8,39.67,53.67,50.3,39.2,53.82
2019-01-20,KR,36.44,53.4,36.56,51.67,55.0,44.3,51.82
2019-01-27,KR,35.67,50.8,36.44,49.78,50.5,40.5,52.64
2019-02-03,KR,38.22,50.3,40.56,55.67,57.2,46.5,61.36
2019-02-10,KR,37.11,46.5,36.0,46.0,49.4,45.4,55.27
2019-02-17,KR,39.33,44.0,37.11,66.56,50.8,47.3,55.0
2019-02-24,KR,39.22,52.1,32.67,53.33,50.6,46.1,52.27
2019-03-03,KR,37.0,47.5,37.44,49.0,50.4,40.9,52.45
2019-03-10,KR,32.67,47.1,35.11,51.0,48.6,42.3,49.09
2019-03-17,KR,33.56,48.8,34.11,47.44,49.4,40.5,52.82
2019-03-24,KR,33.44,48.7,34.11,49.11,53.2,41.8,52.45
2019-03-31,KR,37.33,56.3,32.11,55.22,54.3,46.3,51.45
2019-04-07,KR,34.89,51.0,29.78,51.89,53.8,47.0,52.82
2019-04-14,KR,36.44,53.1,33.33,54.11,58.3,46.7,53.73
2019-04-21,KR,40.33,49.7,35.78,57.11,54.2,44.4,58.64
2019-04-28,KR,43.67,55.8,36.0,46.44,59.7,54.1,61.36
2019-05-05,KR,43.0,51.8,35.22,56.78,55.5,43.0,59.0
2019-05-12,KR,41.33,51.4,35.89,51.89,56.2,49.8,57.18
2019-05-19,KR,42.44,50.7,39.11,55.33,56.7,48.8,56.55
2019-05-26,KR,44.22,57.1,38.78,48.67,55.2,47.4,59.45
2019-06-02,KR,49.33,64.0,39.33,51.44,53.1,51.3,59.36
2019-06-09,KR,46.22,57.1,46.89,46.67,53.0,46.0,56.36
2019-06-16,KR,50.89,60.8,40.44,55.44,54.9,52.5,57.09
2019-06-23,KR,52.33,57.6,45.78,57.0,52.3,47.3,58.91
2019-06-30,KR,57.89,48.5,56.0,54.78,53.6,53.5,63.09
2019-07-07,KR,63.0,56.4,49.44,56.11,53.7,56.2,60.45
2019-07-14,KR,65.56,60.6,50.67,51.11,49.7,47.7,62.27
2019-07-21,KR,65.11,57.4,51.56,55.0,50.0,52.5,58.91
2019-07-28,KR,78.89,64.1,66.78,62.56,53.7,61.2,60.55
2019-08-04,KR,69.0,67.8,54.89,68.56,48.6,51.5,59.0
2019-08-11,KR,65.11,61.2,57.33,68.67,56.9,66.6,59.36
2019-08-18,KR,56.78,59.0,47.78,60.11,58.5,54.8,59.82
2019-08-25,KR,49.22,55.6,55.33,56.67,58.1,49.7,58.82
2019-09-01,KR,41.56,49.1,38.89,54.56,52.6,41.3,51.55
2019-09-08,KR,42.0,55.5,41.22,58.44,60.7,52.1,55.55
2019-09-15,KR,50.22,54.6,40.11,54.22,60.7,53.3,55.64
2019-09-22,KR,51.56,58.2,38.44,51.33,61.1,51.4,60.91
2019-09-29,KR,55.56,60.1,38.89,61.89,65.0,59.2,57.73
2019-10-06,KR,51.44,54.8,36.22,51.56,62.5,46.6,56.55
2019-10-13,KR,50.0,54.1,34.11,54.67,60.3,45.3,54.09
2019-10-20,KR,48.11,56.8,34.33,61.56,59.1,44.5,55.36
2019-10-27,KR,47.22,53.0,34.22,64.44,55.2,48.7,55.27
2019-11-03,KR,45.67,56.6,31.44,61.67,57.9,42.1,55.64
2019-11-10,KR,46.33,48.9,43.11,55.67,54.0,44.6,56.0
2019-11-17,KR,45.56,47.3,29.89,60.33,52.5,47.1,56.18
2019-11-24,KR,46.56,43.2,44.22,49.67,51.8,44.2,57.91
2019-12-01,KR,45.0,42.3,30.0,61.56,53.1,39.4,54.91
2019-12-08,KR,43.22,43.2,34.67,58.22,57.8,40.3,57.0
2019-12-15,KR,46.0,39.8,34.89,69.0,54.0,44.2,56.82
2019-12-22,KR,50.78,42.2,38.78,63.89,63.0,48.3,59.64
2019-12-29,KR,50.78,46.3,38.0,69.22,62.1,49.2,59.55
2020-01-05,KR,43.56,41.6,41.22,54.11,55.0,43.5,53.73
2020-01-12,KR,44.11,44.2,33.22,55.33,57.7,47.2,53.0
2020-01-19,KR,43.67,44.6,36.44,52.89,56.9,41.8,51.91
2020-01-26,KR,39.67,40.8,35.33,50.67,52.7,38.8,53.64
2020-02-02,KR,36.22,40.0,31.67,51.56,54.4,38.6,50.36
2020-02-09,KR,40.0,40.7,33.67,58.67,54.4,42.1,53.64
2020-02-16,KR,35.44,35.7,33.33,49.56,61.0,38.6,50.82
2020-02-23,KR,26.0,35.7,30.44,34.89,48.9,31.1,56.64
2020-03-01,KR,24.78,41.9,33.0,37.67,48.6,33.3,49.27
2020-03-08,KR,27.0,46.9,31.11,44.22,47.9,39.7,47.73
2020-03-15,KR,26.78,43.2,31.78,42.33,51.3,34.1,46.18
2020-03-22,KR,24.67,47.8,33.33,49.0,50.7,38.3,47.82
2020-03-29,KR,26.89,51.9,40.67,46.56,52.6,35.6,52.45
2020-04-05,KR,27.33,49.2,31.33,44.44,50.9,39.9,47.09
2020-04-12,KR,29.0,49.7,37.44,41.78,47.8,33.5,45.09
2020-04-19,KR,37.89,52.1,32.56,51.0,49.1,34.4,47.73
2020-04-26,KR,47.78,62.8,39.22,53.56,58.6,36.2,54.27
2020-05-03,KR,37.67,51.6,34.78,56.0,53.2,40.3,51.64
2020-05-10,KR,31.89,49.5,41.56,48.44,53.4,35.9,50.55
2020-05-17,KR,37.0,51.4,42.67,50.44,55.3,40.8,53.09
2020-05-24,KR,38.22,52.0,32.56,48.0,54.8,42.6,55.45
2020-05-31,KR,43.0,55.8,40.0,49.89,56.8,40.4,58.18
2020-06-07,KR,42.67,51.2,36.0,49.22,58.7,47.7,54.82
2020-06-14,KR,44.78,55.4,44.67,48.44,55.3,45.5,53.64
2020-06-21,KR,45.11,55.5,49.0,52.67,56.0,47.2,55.09
2020-06-28,KR,49.67,57.2,52.11,58.44,54.8,44.7,54.91
2020-07-05,KR,52.33,53.7,44.44,69.89,54.5,41.4,55.09
2020-07-12,KR,55.33,52.4,50.0,61.78,53.0,37.0,55.73
2020-07-19,KR,55.89,51.2,44.22,52.67,51.8,43.9,53.91
2020-07-26,KR,62.56,56.7,46.89,54.89,54.8,46.0,56.64
2020-08-02,KR,58.78,50.2,49.44,59.33,54.5,44.7,54.09
2020-08-09,KR,53.89,48.1,47.67,61.67,52.7,40.4,54.64
2020-08-16,KR,46.67,53.3,50.0,52.67,52.1,43.7,55.45
2020-08-23,KR,33.67,49.3,49.11,46.22,48.4,40.1,51.09
2020-08-30,KR,29.44,44.5,38.89,43.89,51.1,37.0,48.18
2020-09-06,KR,31.0,48.1,50.67,42.89,50.4,38.6,47.09
2020-09-13,KR,33.33,49.8,37.44,53.22,51.4,41.7,50.27
2020-09-20,KR,35.11,50.5,40.78,46.44,51.1,45.5,50.0
2020-09-27,KR,37.44,63.5,39.89,54.22,54.0,45.6,60.55
2020-10-04,KR,41.0,58.5,35.44,46.89,56.9,43.8,54.09
2020-10-11,KR,39.78,57.9,43.78,47.67,51.6,37.1,51.18
2020-10-18,KR,42.89,55.2,50.33,44.44,55.3,43.1,49.82
2020-10-25,KR,38.11,56.4,31.0,56.44,55.0,38.5,50.36
2020-11-01,KR,35.78,52.1,27.89,44.56,52.2,35.2,48.73
2020-11-08,KR,40.44,53.2,31.33,52.11,54.7,44.0,51.73
2020-11-15,KR,35.0,45.4,46.56,62.56,54.9,41.1,51.0
2020-11-22,KR,30.67,45.1,33.22,51.56,51.0,32.3,49.45
2020-11-29,KR,30.33,44.5,34.0,46.89,52.7,31.1,47.0
2020-12-06,KR,28.44,47.5,34.56,46.67,52.9,30.5,45.73
2020-12-13,KR,26.22,42.2,26.67,42.78,55.0,33.4,47.82
2020-12-20,KR,28.89,46.6,28.78,44.67,53.8,30.3,52.0
2020-12-27,KR,24.0,47.8,38.22,41.22,51.9,32.9,46.64
2021-01-03,KR,27.0,42.9,35.78,43.0,47.5,33.0,44.36
2021-01-10,KR,30.5,50.1,33.56,44.78,52.1,31.9,43.0
2021-01-17,KR,33.3,47.3,39.11,48.22,46.2,31.3,46.18
2021-01-24,KR,31.1,45.1,34.44,49.33,47.5,37.5,45.91
2021-01-31,KR,35.1,47.7,32.78,46.67,45.8,31.0,44.09
2021-02-07,KR,36.7,54.5,35.22,48.67,42.9,36.6,46.27
2021-02-14,KR,35.7,50.6,36.89,44.22,46.9,36.6,46.27
2021-02-21,KR,36.8,53.9,35.78,47.44,44.6,41.0,45.45
2021-02-28,KR,32.1,53.8,36.56,48.67,47.6,35.2,43.18
2021-03-07,KR,33.1,53.5,37.44,49.67,45.2,36.9,48.0
2021-03-14,KR,32.6,50.6,37.89,46.56,47.9,40.3,46.0
2021-03-21,KR,32.9,51.5,38.89,50.11,44.2,35.0,43.18
2021-03-28,KR,34.3,49.9,38.0,57.56,45.3,28.0,42.91
2021-04-04,KR,35.5,57.3,38.89,56.67,46.5,38.3,42.73
2021-04-11,KR,36.5,55.3,39.22,50.78,44.3,40.0,45.0
2021-04-18,KR,37.1,59.4,41.89,49.56,48.1,37.6,44.36
2021-04-25,KR,39.9,62.2,40.56,48.22,52.3,37.9,46.45
2021-05-02,KR,40.0,62.9,44.44,55.56,48.2,44.0,45.09
2021-05-09,KR,43.1,57.5,40.67,50.56,48.2,39.3,43.82
2021-05-16,KR,40.8,61.6,40.67,52.89,52.2,39.3,47.45
2021-05-23,KR,42.6,62.1,42.89,51.11,50.2,41.6,45.27
2021-05-30,KR,48.7,66.2,43.0,55.22,48.9,40.2,47.45
2021-06-06,KR,41.8,59.7,43.11,48.44,48.7,39.8,46.55
2021-06-13,KR,49.7,65.2,45.22,49.67,43.8,39.7,48.73
2021-06-20,KR,57.6,64.8,49.89,55.44,48.3,43.8,52.73
2021-06-27,KR,58.7,58.2,51.22,55.33,44.2,39.2,49.91
2021-07-04,KR,55.2,54.9,48.89,62.67,46.4,36.3,47.91
2021-07-11,KR,53.4,55.5,53.11,44.22,43.9,39.1,48.27
2021-07-18,KR,65.1,59.2,55.22,44.67,52.5,37.6,44.64
2021-07-25,KR,57.7,60.6,59.89,46.33,55.2,36.3,41.73
2021-08-01,KR,60.9,61.2,65.0,52.0,48.5,36.2,43.73
2021-08-08,KR,58.5,60.6,58.78,48.89,44.8,34.2,44.45
2021-08-15,KR,48.5,59.1,52.78,49.0,45.1,31.0,42.0
2021-08-22,KR,39.9,53.5,48.89,44.33,46.3,34.8,42.82
2021-08-29,KR,40.7,53.5,43.11,47.22,47.5,30.9,41.64
2021-09-05,KR,42.3,56.9,45.44,54.56,47.5,34.4,44.82
2021-09-12,KR,46.1,62.2,44.56,49.11,49.8,39.8,44.73
2021-09-19,KR,46.2,72.1,49.22,66.33,47.6,35.9,47.27
2021-09-26,KR,52.9,68.7,45.78,48.78,53.2,35.5,45.36
2021-10-03,KR,50.5,72.6,44.56,58.78,45.4,40.2,46.0
2021-10-10,KR,43.4,65.2,40.89,54.44,49.8,37.0,47.09
2021-10-17,KR,43.9,63.0,36.22,45.56,49.3,36.2,49.09
2021-10-24,KR,44.5,62.9,40.44,55.11,48.2,40.9,47.45
2021-10-31,KR,47.9,66.4,39.44,58.78,49.8,35.2,49.18
2021-11-07,KR,47.0,59.0,38.56,61.22,48.5,36.1,48.09
2021-11-14,KR,44.2,56.4,40.11,59.67,51.1,35.6,50.09
2021-11-21,KR,46.6,61.7,37.22,55.67,51.6,36.9,50.27
2021-11-28,KR,46.0,52.8,34.56,56.56,47.1,33.4,48.91
2021-12-05,KR,47.8,49.6,34.0,54.89,47.6,32.9,47.82
2021-12-12,KR,49.7,50.9,34.44,52.22,50.8,25.7,52.73
2021-12-19,KR,47.5,46.1,36.33,56.89,50.5,34.5,48.73
2021-12-26,KR,46.1,50.5,43.33,55.33,48.5,37.4,49.27
2022-01-02,KR,50.7,56.1,47.33,63.89,51.9,30.4,48.36
2022-01-09,KR,50.4,54.3,45.89,58.33,52.2,27.1,48.27
2022-01-16,KR,45.8,50.0,52.11,56.11,50.8,34.1,46.27
2022-01-23,KR,43.2,49.8,41.22,55.22,50.1,36.6,44.27
2022-01-30,KR,45.1,59.4,49.67,62.78,54.5,31.9,51.0
2022-02-06,KR,43.4,56.4,45.22,58.56,51.1,35.1,48.09
2022-02-13,KR,42.7,56.2,46.11,59.44,50.4,37.3,51.91
2022-02-20,KR,41.5,57.6,47.67,55.22,54.5,38.3,46.64
2022-02-27,KR,47.1,63.4,43.78,65.22,56.4,38.4,47.91
2022-03-06,KR,46.6,67.3,44.22,54.78,55.9,35.6,51.91
2022-03-13,KR,47.4,63.5,44.44,59.44,53.6,36.7,51.82
2022-03-20,KR,42.8,63.3,44.33,62.22,55.8,42.6,51.82
2022-03-27,KR,49.2,62.7,46.33,62.11,54.7,44.3,52.91
2022-04-03,KR,50.0,68.8,49.89,66.56,56.9,43.1,54.0
2022-04-10,KR,49.1,65.1,45.67,66.33,56.6,46.2,55.73
2022-04-17,KR,55.5,66.1,50.0,69.11,58.5,47.9,54.91
2022-04-24,KR,60.1,68.4,49.56,68.33,59.9,51.3,59.45
2022-05-01,KR,60.2,69.5,53.67,77.33,60.2,56.4,65.45
2022-05-08,KR,55.5,67.0,49.22,66.0,61.7,50.1,59.09
2022-05-15,KR,58.0,63.3,51.44,63.78,62.3,55.3,60.55
2022-05-22,KR,58.2,64.5,52.44,64.67,66.6,53.9,61.64
2022-05-29,KR,66.7,69.1,58.11,69.22,58.0,56.6,61.36
2022-06-05,KR,59.9,66.5,57.78,66.22,57.1,55.9,60.82
2022-06-12,KR,59.9,61.6,53.89,70.67,58.6,54.0,60.18
2022-06-19,KR,66.7,62.8,57.11,64.67,53.4,51.8,60.36
2022-06-26,KR,67.3,63.1,60.22,62.89,51.8,62.5,63.27
2022-07-03,KR,70.4,57.0,65.44,65.11,57.2,60.7,66.0
2022-07-10,KR,67.5,58.4,58.67,69.33,54.5,56.4,59.0
2022-07-17,KR,73.0,63.3,61.56,64.56,50.2,58.6,59.55
2022-07-24,KR,77.6,66.3,68.0,68.22,52.0,59.8,62.73
2022-07-31,KR,74.5,66.0,65.89,68.0,53.1,64.2,59.45
2022-08-07,KR,63.9,59.9,63.78,65.67,51.2,63.0,68.18
2022-08-14,KR,62.9,60.7,65.44,68.11,56.9,56.8,66.64
2022-08-21,KR,55.5,63.7,58.78,58.44,56.2,53.9,62.64
2022-08-28,KR,54.3,60.7,53.78,69.78,53.2,53.1,61.0
2022-09-04,KR,50.6,57.0,57.44,59.89,57.8,54.4,58.82
2022-09-11,KR,52.9,66.0,60.44,71.78,61.0,59.5,64.55
2022-09-18,KR,57.4,67.0,58.56,61.44,64.1,56.3,60.09
2022-09-25,KR,60.0,71.4,55.33,72.89,62.0,56.4,58.36
2022-10-02,KR,58.7,66.4,50.89,63.56,64.8,63.3,58.0
2022-10-09,KR,51.5,66.9,52.89,67.11,64.0,54.4,56.82
2022-10-16,KR,52.0,67.1,49.11,63.89,63.1,55.8,56.36
2022-10-23,KR,49.7,67.6,45.89,63.56,60.1,54.1,54.91
2022-10-30,KR,47.0,62.5,47.44,69.56,58.3,50.1,52.0
2022-11-06,KR,48.8,61.3,49.33,63.67,57.0,49.4,53.36
2022-11-13,KR,51.4,60.2,48.56,69.22,56.4,46.9,56.0
2022-11-20,KR,48.2,60.1,44.11,66.67,55.7,43.5,50.91
2022-11-27,KR,49.5,58.9,44.44,68.67,57.7,43.6,50.91
2022-12-04,KR,50.1,56.2,43.11,74.33,55.3,42.6,52.36
2022-12-11,KR,51.1,49.8,44.44,65.0,60.0,45.4,55.91
2022-12-18,KR,53.4,46.9,43.78,69.0,65.4,42.6,60.91
2022-12-25,KR,53.4,47.3,42.11,66.56,58.5,43.5,61.0
2023-01-01,KR,61.4,62.6,40.44,63.22,60.7,52.2,61.27
2023-01-08,KR,59.9,63.4,40.22,72.67,55.8,52.2,59.82
2023-01-15,KR,56.1,57.7,45.0,62.11,54.9,52.2,55.91
2023-01-22,KR,62.0,60.1,47.78,60.11,58.6,54.6,67.45
2023-01-29,KR,59.3,60.7,42.22,62.22,58.6,50.8,58.27
2023-02-05,KR,60.9,61.7,44.67,67.33,56.0,53.0,56.0
2023-02-12,KR,60.1,61.9,42.89,73.56,54.5,48.7,62.27
2023-02-19,KR,57.2,65.3,43.89,73.67,58.6,50.2,59.27
2023-02-26,KR,55.0,65.9,47.44,63.44,56.8,44.9,57.45
2023-03-05,KR,51.6,64.5,38.67,62.67,53.5,46.0,61.64
2023-03-12,KR,53.1,68.2,37.22,71.56,54.0,50.2,59.73
2023-03-19,KR,56.8,69.5,40.67,69.44,57.5,50.8,62.73
2023-03-26,KR,56.7,72.8,48.11,71.33,57.6,51.8,58.82
2023-04-02,KR,57.0,70.0,43.11,64.44,59.6,58.6,60.09
2023-04-09,KR,56.8,68.5,49.78,68.22,58.9,60.0,56.73
2023-04-16,KR,58.3,70.7,55.22,69.0,65.7,60.6,58.18
2023-04-23,KR,63.3,72.3,50.56,62.78,65.6,54.9,59.36
2023-04-30,KR,65.6,73.1,50.22,62.78,62.5,60.8,61.0
2023-05-07,KR,63.5,73.8,48.22,72.11,67.0,62.3,60.36
2023-05-14,KR,58.1,69.7,45.33,66.0,66.6,63.1,56.55
2023-05-21,KR,54.5,59.8,48.33,59.67,56.4,55.2,50.55
2023-05-28,KR,55.0,63.4,46.56,58.44,56.6,55.1,51.36
2023-06-04,KR,54.5,63.4,45.0,54.67,53.3,53.2,48.64
2023-06-11,KR,56.5,63.0,45.89,57.11,53.4,50.5,52.09
2023-06-18,KR,59.5,60.8,47.44,55.44,49.7,51.2,49.82
2023-06-25,KR,58.0,54.5,39.0,45.44,47.7,48.5,46.91
2023-07-02,KR,62.8,57.4,42.44,59.11,51.6,55.3,49.55
2023-07-09,KR,62.9,56.0,45.67,54.44,50.6,54.0,51.27
2023-07-16,KR,61.9,53.4,43.67,56.56,48.0,52.1,47.45
2023-07-23,KR,66.6,56.3,50.67,51.56,47.1,52.6,48.09
2023-07-30,KR,72.5,59.9,49.33,52.56,49.5,59.0,49.73
2023-08-06,KR,63.8,58.6,49.22,58.33,47.4,49.7,53.55
2023-08-13,KR,60.8,68.3,47.44,52.11,52.3,55.8,52.91
2023-08-20,KR,55.3,64.4,40.67,64.67,53.0,55.6,48.91
2023-08-27,KR,49.9,55.1,40.56,51.33,50.6,43.7,46.73
2023-09-03,KR,54.6,60.8,40.44,52.44,52.1,49.1,45.91
2023-09-10,KR,53.2,56.6,42.22,59.33,55.8,54.0,48.73
2023-09-17,KR,53.3,58.6,41.11,57.89,53.2,55.1,49.0
2023-09-24,KR,54.0,61.3,38.78,56.78,51.6,53.0,48.73
2023-10-01,KR,58.8,69.0,47.0,61.11,58.9,56.2,49.36
2023-10-08,KR,49.6,60.6,36.33,52.78,56.6,50.0,50.36
2023-10-15,KR,53.2,61.6,42.33,60.22,53.3,49.4,47.91
2023-10-22,KR,50.0,59.4,35.78,59.56,56.2,49.9,54.55
2023-10-29,KR,48.7,58.7,41.67,62.11,52.1,48.3,53.18
2023-11-05,KR,45.9,56.9,37.11,56.44,49.8,54.8,50.73
2023-11-12,KR,44.9,52.3,37.44,50.67,47.1,48.6,49.55
2023-11-19,KR,49.7,55.8,36.22,66.67,49.9,51.5,48.82
2023-11-26,KR,50.1,53.1,35.0,54.78,49.5,47.4,50.82
2023-12-03,KR,48.8,47.9,34.44,61.89,47.8,43.9,47.36
2023-12-10,KR,47.0,48.6,32.22,49.78,47.4,44.2,45.36
2023-12-17,KR,46.6,46.6,36.22,56.33,52.2,39.5,49.09
2023-12-24,KR,50.5,48.0,36.11,56.11,54.4,45.1,48.0
2023-12-31,KR,48.4,50.0,40.89,56.22,50.6,44.9,43.73
2024-01-07,KR,46.6,51.3,38.56,51.44,48.8,38.6,43.55
2024-01-14,KR,51.9,46.2,40.33,49.22,46.4,37.2,42.64
2024-01-21,KR,47.1,50.1,34.11,52.56,44.8,40.4,43.27
2024-01-28,KR,42.6,50.1,35.44,46.67,42.7,38.8,42.82
2024-02-04,KR,43.3,51.4,35.11,47.11,44.0,40.7,47.27
2024-02-11,KR,42.8,46.6,39.78,44.78,43.5,42.7,47.0
2024-02-18,KR,43.0,45.4,36.33,42.44,41.8,36.0,43.91
2024-02-25,KR,42.7,47.3,30.22,45.44,42.2,39.3,48.09
2024-03-03,KR,39.0,49.9,33.44,45.11,44.9,37.2,43.55
2024-03-10,KR,45.9,51.1,40.67,50.33,46.2,42.6,48.36
2024-03-17,KR,45.4,53.9,32.44,58.11,46.9,40.5,48.73
2024-03-24,KR,46.5,50.5,33.0,53.33,47.5,44.3,45.45
2024-03-31,KR,45.2,55.3,35.33,57.44,47.1,48.6,45.55
2024-04-07,KR,47.8,59.9,42.0,49.56,47.5,47.1,46.55
2024-04-14,KR,48.1,55.4,44.89,46.44,48.5,47.9,45.18
2024-04-21,KR,50.2,55.8,38.56,46.67,46.4,44.0,44.45
2024-04-28,KR,52.7,58.5,47.22,56.33,51.0,48.2,51.09
2024-05-05,KR,47.1,56.6,48.56,48.78,55.3,42.6,43.73
2024-05-12,KR,51.2,61.1,44.33,61.67,55.0,45.9,48.73
2024-05-19,KR,51.4,61.1,47.67,52.11,55.3,48.7,46.91
2024-05-26,KR,55.0,61.0,48.22,50.0,60.7,50.4,52.0
2024-06-02,KR,56.4,63.3,46.89,50.56,54.6,49.3,51.0
2024-06-09,KR,56.6,60.2,46.56,55.33,53.9,47.6,53.73
2024-06-16,KR,61.2,58.6,54.33,54.33,52.2,48.2,50.73
2024-06-23,KR,61.2,58.6,45.11,53.11,49.1,44.5,50.27
2024-06-30,KR,61.3,58.1,46.22,52.44,47.0,47.9,48.45
2024-07-07,KR,62.1,54.2,46.89,56.44,50.9,49.6,47.82
2024-07-14,KR,59.2,55.7,49.22,45.78,48.5,47.4,46.82
2024-07-21,KR,66.4,55.4,54.11,47.56,46.0,47.8,50.45
2024-07-28,KR,66.9,55.4,64.11,45.78,47.5,51.4,48.73
2024-08-04,KR,63.2,55.9,54.56,48.89,48.7,50.3,47.82
2024-08-11,KR,60.1,58.4,56.0,51.33,49.7,49.8,51.0
2024-08-18,KR,53.7,53.8,48.22,51.11,47.7,44.5,48.73
2024-08-25,KR,50.1,54.5,49.78,54.78,54.9,47.1,50.55
2024-09-01,KR,49.2,55.7,55.89,61.0,57.0,44.5,49.36
2024-09-08,KR,56.4,57.7,43.89,61.33,61.2,49.2,50.09
2024-09-15,KR,53.4,63.9,41.67,63.0,58.4,49.9,56.09
2024-09-22,KR,57.8,64.8,45.33,74.89,60.0,53.1,54.09
2024-09-29,KR,55.6,71.4,41.89,64.11,61.9,57.0,54.27
2024-10-06,KR,53.0,61.1,40.11,63.44,57.9,56.3,49.27
2024-10-13,KR,52.2,61.0,43.67,68.89,61.8,49.9,49.64
2024-10-20,KR,51.6,60.2,43.11,57.89,57.0,49.9,49.0
2024-10-27,KR,51.1,60.4,40.44,65.67,55.2,51.0,50.09
2024-11-03,KR,50.2,57.1,38.0,61.44,52.7,46.6,49.0
2024-11-10,KR,50.2,56.2,41.0,65.67,56.1,46.9,52.27
2024-11-17,KR,54.2,59.2,40.56,75.22,59.5,48.1,58.82
2024-11-24,KR,55.3,54.6,46.78,60.44,60.2,47.6,61.36
2024-12-01,KR,58.9,55.7,41.0,62.22,58.6,46.1,63.64
2024-12-08,KR,57.7,53.4,46.56,66.44,58.4,46.1,62.36
2024-12-15,KR,62.5,55.5,50.11,76.11,62.4,49.0,65.64
2024-12-22,KR,72.6,60.1,47.33,78.22,67.4,51.6,69.73
2024-12-29,KR,61.9,61.3,55.89,75.56,62.3,50.8,65.64
2025-01-05,KR,54.2,54.8,59.11,65.89,50.0,46.8,64.18
2025-01-12,KR,54.2,54.1,51.78,58.22,50.1,55.5,67.0
2025-01-19,KR,56.3,50.4,53.78,53.89,47.7,50.1,64.36
2025-01-26,KR,58.9,55.9,59.11,53.78,53.1,52.8,68.73
2025-02-02,KR,46.4,46.7,45.89,47.44,43.4,44.5,53.91
2025-02-09,KR,45.9,48.0,47.11,54.0,46.5,43.7,55.18
2025-02-16,KR,46.3,50.3,50.89,55.44,46.5,50.1,56.55
2025-02-23,KR,45.3,53.7,48.33,51.78,49.6,54.5,57.27
2025-03-02,KR,41.5,61.2,50.0,53.22,49.0,50.7,58.0
2025-03-09,KR,43.9,63.4,51.44,61.0,50.8,53.3,62.18
2025-03-16,KR,44.6,60.9,50.78,59.78,50.7,50.3,62.45
2025-03-23,KR,40.6,55.5,47.0,59.89,47.7,46.8,55.55
2025-03-30,KR,42.5,51.8,50.0,55.11,46.5,51.8,55.73
2025-04-06,KR,42.9,56.0,47.89,58.44,44.2,51.3,53.27
2025-04-13,KR,47.8,55.6,49.11,54.11,50.4,54.1,54.09
2025-04-20,KR,46.9,56.1,49.0,56.56,46.2,56.2,54.45
2025-04-27,KR,54.1,63.1,47.44,49.22,52.0,58.1,56.73
2025-05-04,KR,43.5,65.1,45.78,59.56,58.4,61.0,55.09
2025-05-11,KR,43.4,56.1,47.89,55.44,55.8,55.0,50.73
2025-05-18,KR,45.8,61.7,51.22,55.89,60.3,56.1,57.45
2025-05-25,KR,46.2,61.5,56.78,61.22,57.7,56.7,56.91
2025-06-01,KR,50.6,67.7,55.33,50.89,60.7,60.6,52.45
2025-06-08,KR,48.3,60.7,56.22,51.33,62.3,58.0,57.27
2025-06-15,KR,49.2,58.7,57.78,59.78,54.0,58.3,54.64
2025-06-22,KR,50.8,57.1,57.22,56.78,47.4,58.8,54.55
2025-06-29,KR,62.1,63.7,72.67,53.0,52.7,64.8,61.55
2025-07-06,KR,66.8,69.6,76.33,64.11,57.6,69.5,67.09
2025-07-13,KR,70.5,69.0,68.44,67.67,60.1,68.5,65.18
2025-07-20,KR,74.2,67.8,77.67,58.0,53.3,68.8,69.0
2025-07-27,KR,77.9,65.0,82.0,60.67,56.8,79.5,72.73
2025-08-03,KR,68.0,66.0,78.56,65.44,55.3,67.0,64.55
2025-08-10,KR,69.3,71.7,81.67,59.67,60.7,74.4,69.36
2025-08-17,KR,59.1,65.1,70.22,59.56,55.1,63.1,68.91
2025-08-24,KR,54.2,70.1,65.78,58.0,55.2,61.6,69.18
2025-08-31,KR,52.7,69.1,63.0,66.56,55.6,62.7,63.55
2025-09-07,KR,54.7,66.7,62.33,68.0,59.7,66.0,64.36
2025-09-14,KR,53.6,61.8,59.56,55.0,61.4,61.7,62.36
2025-09-21,KR,51.3,74.0,59.33,58.22,60.4,68.4,66.27
2025-09-28,KR,57.7,73.4,60.22,57.67,64.7,61.1,68.73
2025-10-05,KR,58.3,80.3,62.56,56.44,61.8,62.8,71.91
2025-10-12,KR,51.3,67.8,56.56,63.89,61.3,67.4,58.91
2025-10-19,KR,51.8,69.2,63.67,69.0,67.4,63.7,63.55
2025-10-26,KR,55.3,77.2,61.44,59.33,63.3,56.3,65.09
2025-11-02,KR,57.5,74.3,61.89,75.44,65.7,62.4,65.0
2025-11-09,KR,57.1,71.2,61.22,77.78,62.4,66.5,69.45
2025-11-16,KR,58.7,67.7,57.44,81.78,60.1,55.3,69.55
2025-11-23,KR,56.4,73.1,58.22,78.11,64.8,56.9,72.09
2025-11-30,KR,59.9,63.3,50.78,79.78,54.9,55.5,69.73
2025-12-07,KR,62.0,56.3,52.22,67.33,56.5,52.6,66.27
2025-12-14,KR,61.1,61.8,51.44,70.11,58.5,53.2,67.55
2025-12-21,KR,59.3,58.6,51.78,87.33,65.7,52.8,69.0
2025-12-28,KR,60.5,69.4,56.67,80.67,58.7,54.8,68.36
